Title,Price,Rating,Review Count,Description
Dell 15 Thin & Light,"46,990",3.6 out of 5 stars,748,"Dell 15 Thin & Light Laptop, 12th Gen Intel Core i5-1235U Processor, 8GB, 512GB SSD, 15.6"" (38) cm FHD Display, Windows 11 + MSO'21, 15 Month McAfee Antivirus, Black, Spill-Resistant Keyboard,1.66kg"
HP Laptop 15 12th Gen,"47,999.90",4.0 out of 5 stars,493,"HP Laptop 15, 12th Gen i5-1235U, 15.6-inch (39.6 cm), FHD, Anti-glare, 8GB DDR4, 512GB SSD, Intel Iris Xᶱ Graphics, Backlit Keyboard, Dual Speakers, (Win 11, MSO 2021, Silver, 1.69 kg), 15s-fy5007TU"
Dell 14 Thin & Light,"36,890",3.6 out of 5 stars,748,"Dell 14 Thin & Light Laptop, 12th Gen Intel Core i3-1215U Processor/8GB/512GB SSD/Intel UHD Graphics/14.0""(35.56cm) FHD/Windows 11 + MSO'21/15 Month McAfee/Spill-Resistant Keyboard/Grey/1.48kg"
Acer Aspire Lite AMD Ryzen,"34,990",3.9 out of 5 stars,515,"Acer Aspire Lite AMD Ryzen 5 5500U Premium Thin and Light Laptop (16 GB RAM/512 GB SSD/Windows 11 Home) AL15-41, 39.62 cm (15.6"") Full HD Display, Metal Body, Steel Gray, 1.59 KG"
Acer Aspire 3 Laptop Intel,"21,990",,M.R.P: ,"Acer Aspire 3 Laptop Intel Core Celeron N4500 Processor Laptop (8 GB LPDDR4X SDRAM/512 GB SSD/Win11 Home/38 Whr/HD Webcam) A324-45 with 35.56 cm (14"") HD Display, Pure Silver, 1.3 KG"
Lenovo IdeaPad Slim 3 Intel,"35,990",4.0 out of 5 stars,298,"Lenovo IdeaPad Slim 3 Intel Core i3 12th Gen 15.6"" (39.62cm) FHD Thin & Light Laptop (8GB/512GB SSD/Windows 11/Office 2021/1Yr ADP Free/3months Game Pass/Arctic Grey/1.63Kg), 82RK00VTIN"
Lenovo IdeaPad Slim 3 13th,"63,990",4.0 out of 5 stars,469,"Lenovo IdeaPad Slim 3 13th Gen Intel Core i7-13620H 15"" (38.1cm) FHD IPS 300 Nits Thin & Light Laptop (16GB/512GB SSD/Win 11/MSO 21/1Yr ADP Free/Alexa Built-in/3 mon Game Pass/Grey/1.6Kg), 83EM008GIN"
ASUS Vivobook 16 (2023)Thin &,"94,990",4.1 out of 5 stars,171,"ASUS Vivobook 16 (2023)Thin & Light Laptop,Intel Core i9-13900H 13th Gen, 16"" (40.64 cm) FHD+(16GB RAM/512GB SSD/Intel Iris Xe/Win 11/Office 2021/Backlit KB/Fingerprint/Black/1.88 kg) X1605VA-MB947WS"
(Refurbished) Dell Latitude 5280 7th,"15,999",,M.R.P.: ,"(Refurbished) Dell Latitude 5280 7th Gen Intel Core i5 Thin & Light HD Laptop (8 GB DDR4 RAM/256 GB SSD/12.5"" (31.8 cm) HD/Windows 11/MS Office/WiFi/BT/Intel UHD Graphics)"
Lenovo [Smartchoice] LOQ 12th Gen,"70,490",3.9 out of 5 stars,253,"Lenovo [Smartchoice] LOQ 12th Gen Intel Core i5-12450HX /39.6cm/ 144Hz 300Nits FHD Gaming Laptop (16GB/512GB SSD/Win 11/ RTX 3050 6GB Graphics/100% sRGB/MSO 21/3 Mon Game Pass/Grey/2.4Kg), 83GS003UIN"
Dell 15 Thin & Light,"51,390",4.0 out of 5 stars,222,"Dell 15 Thin & Light Laptop, Intel Core 13th Generation i5-1334U Processor, 8GB DDR4 & 512GB SSD, 15.6"" (39.62cm) FHD 120Hz 250 nits, Windows 11 + MSO'21 + 15 Month Mcafee, Carbon Black, 1.66kg"
HP Victus Gaming Laptop AMD,"60,990",4.3 out of 5 stars,101,"HP Victus Gaming Laptop, AMD Ryzen 5 5600H, 4GB RTX 3050 GPU, 15.6-inch (39.6 cm), FHD, IPS, 144Hz, 16GB DDR4, 512GB SSD, Backlit KB, B&O, 9ms Response time, Dual Speakers (Blue, 2.37 kg), fb0106AX"
ASUS Vivobook 16 (2023) Intel,"99,990",3.4 out of 5 stars,9,"ASUS Vivobook 16 (2023), Intel Core i9-13900H 13th Gen, 16"" (40.64 cm) FHD+, Thin & Light Laptop (16GB/1TB SSD/Intel Iris Xe/Win 11/Office 2021/Backlit KB/Fingerprint/Black/1.88 kg), X1605VA-MB957WS"
Lenovo IdeaPad Slim 1 AMD,N/A,4.0 out of 5 stars,65,"Lenovo IdeaPad Slim 1 AMD Ryzen 5 5500U 15.6"" HD Thin and Light Laptop (16GB/512GB SSD/Windows 11 Home/MS Office 2021/1Yr ADP Free/Cloud Grey/1.61Kg), 82R400ERIN"
HP Laptop 1512th Gen Intel,"39,990",4.1 out of 5 stars,"1,974","HP Laptop 15,12th Gen Intel Core i3-1215U,15.6 inch(39.6 cm),FHD,Anti-Glare,8 GB DDR4,1 TB SSD,Windows 11,MSO,Dual Speakers,1.69 kg,Natural Silver,15s-fq5328TU"
HP Laptop 15s Intel Celeron,"28,490",4.0 out of 5 stars,493,"HP Laptop 15s, Intel Celeron N4500, 15.6-inch (39.6 cm), HD, 8GB DDR4, 512GB SSD, Intel UHD Graphics, 720p HD Camera, Thin & Light, Dual Speakers (Win 11, Black, 1.65 kg), fq3066TU"
[Smart Choice] Lenovo IdeaPad Gaming,"47,990",4.1 out of 5 stars,563,"[Smart Choice] Lenovo IdeaPad Gaming 3 Laptop AMD Ryzen 5 5500H 15.6"" (39.62cm) FHD IPS 300nits 144Hz (8GB/512GB SSD/Win 11/NVIDIA RTX 2050 4GB/Alexa/3 Month Game Pass/Shadow Black/2.32Kg), 82K20289IN"
Lenovo IdeaPad Slim 1 Intel,"25,990",3.8 out of 5 stars,185,"Lenovo IdeaPad Slim 1 Intel Core Celeron N4020 14"" HD Thin and Light Laptop (8GB/512GB SSD/Windows 11 Home/Office 21/1Yr Warranty/Cloud Grey/1.3Kg), 82V6009LIN"
ASUS TUF F15 Gaming Laptop,"50,990",4.0 out of 5 stars,279,"ASUS TUF F15 Gaming Laptop, Intel Core i5-11400H 11th Gen, 15.6-inch (39.62 cm) FHD 144Hz,(16GB RAM/512GB SSD/4GB NVIDIA GeForce RTX 2050/Windows 11/ RGB Backlit KB/Black/2.30 kg), FX506HF-HN025W"
HP Laptop 15s 12th Gen,"37,990",4.0 out of 5 stars,850,"HP Laptop 15s, 12th Gen Intel Core i3, 15.6-inch (39.6 cm), 8GB DDR4, 512GB SSD, Thin & Light, Dual Speakers (Win 11, MSO 2021, Silver, 1.69 kg), fq5007TU / FQ5327TU"
HP Laptop 15 13th Gen,"40,990",4.1 out of 5 stars,"1,974","HP Laptop 15, 13th Gen Intel Core i3-1315U, 15.6-inch (39.6 cm), FHD, 8GB DDR4, 512GB SSD, Thin & light, Intel Iris Xᵉ graphics, Dual speakers (Win 11, MSO 2021, Silver, 1.59 kg), fd0006TU"
Acer Aspire 3 Laptop Intel,"21,990",3.2 out of 5 stars,17,"Acer Aspire 3 Laptop Intel Core Celeron N4500 Processor Laptop (8 GB LPDDR4X SDRAM/512 GB SSD/Win11 Home/38 WHR/HD Webcam) A325-45 with 39.63 cm (15.6"") HD Display, Pure Silver, 1.5 KG"
Lenovo IdeaPad Slim 3 12th,"50,490",4.0 out of 5 stars,291,"Lenovo IdeaPad Slim 3 12th Gen Intel Core i5-12450H 14"" (35.5cm) FHD 250 Nits Thin & Light Laptop (16GB/512GB SSD/Win 11/Office 21/1Yr ADP Free/Alexa built-in/3 mon. Game Pass/Grey/1.37Kg), 83EQ005VIN"
Acer Aspire 3 Laptop Intel,"20,990",3.8 out of 5 stars,4,"Acer Aspire 3 Laptop Intel Core Celeron N4500 Processor Laptop (8 GB LPDDR4X SDRAM/256 GB SSD/Win11 Home/38 WHR/HD Webcam) A325-45 with 39.63 cm (15.6"") HD Display, Pure Silver, 1.5 KG"
ASUS Vivobook 16 IntelCore™ i3-1215U,"35,990",4.1 out of 5 stars,867,"ASUS Vivobook 16, IntelCore™ i3-1215U 12th Gen, Thin and Light Laptop, 16-inch (40.64 cm) FHD+, (8 GB RAM/512GB SSD/Windows 11/Fingerprint/Black/1.88kg), X1605ZAB-MB322WS"
"ASUS Vivobook 15 15.6"" (39.62cm)","61,990",3.5 out of 5 stars,10,"ASUS Vivobook 15, 15.6"" (39.62cm) FHD, Intel Core i7-12700H 12th Gen, Thin and Light Laptop (16GB/512GB SSD/Intel Iris Xᵉ Graphics/Windows 11/Office 2021/Quiet Blue/1.7 Kg), X1502ZA-EJ744WS"
ZEBRONICS PRO Series Z NBC,"24,990",3.8 out of 5 stars,71,"ZEBRONICS PRO Series Z NBC 3S, Intel Core 12th Gen i3 Processor 8GB RAM & 512GB SSD Laptop, 15.6 Inch (39.6CM), IPS 180° Display, Dolby Atmos, 38.5Wh Large Battery, Windows 11, Midnight Blue,1.76 Kg"
Walker Thin & Light Laptop,"12,990",3.8 out of 5 stars,55,"Walker Thin & Light Laptop, (4GB Ram,128GB SSD) |14.1 inch FHD IPS Display |1920 *1080 Resolution | Gemini Lake N4020 | UHD Graphics 600| Mini-HDMI| Bluetooth| Webcam | Windows 11 Home | Cloud Silver"
Modern 14 Intel 12th Gen.,"29,990",5.0 out of 5 stars,4,"Modern 14, Intel 12th Gen. i3 1215U,36CM Laptop(8GB/512GB NVMe SSD/Windows 11 Home/UHD Graphic/Classic Black/1.4Kg),C12MO-1205IN"
(Refurbished) Lenovo ThinkPad 5th Gen,"14,200",3.8 out of 5 stars,425,"(Refurbished) Lenovo ThinkPad 5th Gen Intel Core i5 Thin & Light HD Laptop (8 GB RAM/256 GB SSD/14"" (35.6 cm) HD/Windows 10 Pro/MS Office/WiFi/Webcam/Intel Graphics), Black"
Dell [Smartchoice] G15-5530 Gaming Laptop,"80,390",4.0 out of 5 stars,617,"Dell [Smartchoice] G15-5530 Gaming Laptop, Intel Core i5-13450HX, 16GB DDR5, 1TB, NVIDIA RTX 3050,6GB GDDR6,15.6"" (39.62cm) FHD 120Hz 250 nits,Backlit KB Orange,Win 11 + MSO'21,Dark Shadow Gray,2.65kg"
Acer Aspire Lite 12th Gen,"43,740",3.8 out of 5 stars,465,"Acer Aspire Lite 12th Gen Intel Core i5-1235U Thin and Light Laptop (Windows 11 Home/16GB RAM/512GB SSD/Intel Iris Xe Graphics) AL15-52, 39.62cm (15.6"") Full HD Display, Metal Body, Steel Gray, 1.6 KG"
HP Victus Gaming Laptop 12th,"59,500",3.9 out of 5 stars,93,"HP Victus Gaming Laptop, 12th Gen Intel Core i5-12450H,4GB RTX 2050 GPU,15.6-inch(39.6 cm),FHD,IPS,144Hz,16GB DDR4,512GB SSD,Backlit KB,MSO,B&O,9ms Response time(Blue, 2.29 kg),fa1373TX/fa1227TX"
Lenovo IdeaPad Slim 1 AMD,N/A,4.0 out of 5 stars,65,"Lenovo IdeaPad Slim 1 AMD Ryzen 5 5500U 15.6"" HD Thin and Light Laptop (16GB/512GB SSD/Windows 11 Home/MS Office 2021/1Yr ADP Free/Cloud Grey/1.61Kg), 82R400ERIN"
Dell 15 Thin & Light,"54,697",3.6 out of 5 stars,748,"Dell 15 Thin & Light Laptop, Intel Core 13th Generation i5-1334U Processor, 16GB DDR4 & 512GB SSD, 15.6"" (39.62cm) FHD 120Hz 250 nits, Windows 11 + MSO'21 + 15 Month Mcafee, Carbon Black, 1.66kg"
ASUS Vivobook Go 14 (2023),"22,695",3.5 out of 5 stars,45,"ASUS Vivobook Go 14 (2023), 14"" (35.56 cm) FHD (1920 x 1080) 16:9, Intel Celeron N4500, Thin and Light Laptop (8GB RAM/256GB SSD/Integrated Graphics/Windows 11 Home/Black/1.3 Kg), E410KA-EK013W"
realme Book(Slim) Evo Core i5,"41,450",3.1 out of 5 stars,6,"realme Book(Slim) Evo Core i5 11th Gen 1135G7 - (8 GB/512 GB SSD/Windows 10 Home) RMNB1002 Thin and Light Laptop (14 inch, Real Gray, 1.38 kg, with MS Office) - Free upgrade to Windows 11 Home"
"ASUS Vivobook 15 15.6"" (39.62cm)","57,990",3.5 out of 5 stars,10,"ASUS Vivobook 15, 15.6"" (39.62cm) FHD, Intel Core i7-12700H 12th Gen, Thin and Light Laptop (16GB/512GB SSD/Icelight Silver/1.7 Kg), X1502ZA-EJ745WS"
Lenovo IdeaPad Pro 5 Intel,"1,09,990",4.7 out of 5 stars,27,"Lenovo IdeaPad Pro 5 Intel Evo Core Ultra 9 185H Built-in AI 14"" (35.56cm) 2.8K-OLED 400Nits 120Hz Laptop (32GB/1TB SSD/Win11/MSO 21/FHD+IR Camera/1Yr ADP Free/3 Mon Game Pass/Grey/1.4Kg), 83D2001GIN"
HP Laptop 15s Intel Celeron,"28,490",4.0 out of 5 stars,493,"HP Laptop 15s, Intel Celeron N4500, 15.6-inch (39.6 cm), HD, 8GB DDR4, 512GB SSD, Intel UHD Graphics, 720p HD Camera, Thin & Light, Dual Speakers (Win 11, Black, 1.65 kg), fq3066TU"
Dell [Smartchoice] Inspiron 5430 Thin,"77,999",3.6 out of 5 stars,125,"Dell [Smartchoice] Inspiron 5430 Thin & Light Laptop, 13th Gen Intel Core i7-1360P/16GB/1TB SSD/14.0"" (35.56cm) FHD+ WVA 250 nits/Backlit KB + FPR/Windows 11 + MSO'21/15 Month McAfee/Silver/1.59kg"
Acer Aspire Lite 12th Gen,"52,990",3.8 out of 5 stars,465,"Acer Aspire Lite 12th Gen Intel Core i7-1255U Premium Metal Laptop (Windows 11 Home/16 GB RAM/512 GB SSD) AL15-52, 39.62cm (15.6"") Full HD Display, Metal Body, Steel Gray, 1.59 Kg"
HP Laptop 15s AMD Ryzen,"30,390",3.9 out of 5 stars,35,"HP Laptop 15s, AMD Ryzen 3 5300U, 15.6-inch (39.6 cm), FHD, 8GB DDR4, 512GB SSD, AMD Radeon Graphics, Thin & Light, Dual Speakers (Win 11, MSO 2021, Silver, 1.69 kg), eq2212AU"
Acer Aspire Lite AMD Ryzen,"30,990",3.9 out of 5 stars,515,"Acer Aspire Lite AMD Ryzen 3 5300U Premium Thin and Light Laptop (Windows 11 Home/16 GB RAM/512 GB SSD) AL15-41 with 39.62 cm (15.6"") Full HD Display, Metal Body, Steel Gray, 1.6 KG"
ASUS Vivobook Go 15 (2023),"42,990",3.9 out of 5 stars,96,"ASUS Vivobook Go 15 (2023), AMD Ryzen 5 7520U, 15.6"" (39.62 cm) FHD, Thin & Light Laptop (16GB/512GB SSD/Windows 11/Office 2021/Alexa Built-in/Mixed Black/1.63 kg), E1504FA-NJ542WS"
Dell 15 Thin & Light,"51,499",3.6 out of 5 stars,748,"Dell 15 Thin & Light Laptop, Intel Core i5-1235U Processor/16GB DDR4/512GB SSD/Intel UHD Graphics/15.6"" (39.62cm) FHD Display/Windows 11 + MSO'21/15 Month McAfee/Carbon Black/Spill-Resistant KB/1.69kg"
ASUS Vivobook 15 (2023) Intel,"38,990",4.1 out of 5 stars,62,"ASUS Vivobook 15 (2023), Intel Core i3-1315U 13th Gen, 15.6"" (39.62 cms) FHD, Thin and Light Laptop (8GB/512GB SSD/Windows 11/Office 2021/Fingerprint/Silver/1.7 kg), X1504VA-NJ324WS"
ASUS Vivobook 14 IntelCore i3-1215U,"34,990",4.1 out of 5 stars,867,"ASUS Vivobook 14, IntelCore i3-1215U 12th Gen, Thin and Light Laptop, 14"" (35.56 cm) FHD, (8 GB RAM/512GB SSD/Windows11/Office 2021/Fingerprint/42WHr /Silver/1.40 kg), X1404ZA-NK322WS"
ASUS Vivobook 15 Thin and,"55,990",3.9 out of 5 stars,366,"ASUS Vivobook 15 Thin and Light Laptop,Intel Core i5-12500H 12th Gen, 15.6"" (39.62 cm) FHD, (16GB RAM/512GB/Win11/Office 2021/Blue/1.7 kg), X1502ZA-EJ541WS"
HP 15s 12th Gen Intel,"45,840",4.1 out of 5 stars,181,"HP 15s 12th Gen Intel Core i5, 15/6inch (39.6 cm), 8GB RAM, 512GB SSD, Intel Iris Xe Graphics, Backlit Kb, (Win 11 Home, Natural Silver, 1.69kg), fq5202TU / fq5329TU"
Acer Travelmate Business Laptop Intel,"36,990",3.3 out of 5 stars,30,"Acer Travelmate Business Laptop Intel Core i5-1135G7 processor (16GB DDR4/ 512GB SSD/Intel Iris Xe Graphics/Windows 11 Home) TMP214-53 with 35.56 cm (14"") Full HD Display"
Primebook S Wifi 2024(NEW) Android,"13,490",4.2 out of 5 stars,54,"Primebook S Wifi, 2024(NEW) Android Based MediaTek MT8183 - (PrimeOS) Thin and Light Laptop (11.6 Inch, 1.065 Kg, Type C) (4GB/128GB eMMC Storage)"
Lenovo IdeaPad 1 Intel Core,"25,900",4.1 out of 5 stars,5,"Lenovo IdeaPad 1 Intel Core Celeron N4020 15"" HD Thin and Light Laptop (8GB/512GB SDD/Windows 11 Home/Office 2021/1Yr Warranty/Cloud Grey/1.3Kg), 82V700ECIN"
ASUS Vivobook Go 14 (2023),"40,990",4.3 out of 5 stars,8,"ASUS Vivobook Go 14 (2023), AMD Ryzen 5 7520U, 14-inch (35.56 cm) FHD, Thin & Light Laptop (16GB/512GB SSD/Windows 11/Office 2021/Alexa Built-in/Mixed Black/1.38 kg), E1404FA-NK547WS"
HP Pavilion 14 12th Gen,"76,990",4.1 out of 5 stars,318,"HP Pavilion 14 12th Gen Intel Core i7 16GB SDRAM/1TB SSD 14 inch(35.6cm) FHD,IPS,Micro-Edge Display/Intel Iris Xe Graphics/B&O/Win 11/Backlit KB/FPR/MSO 2021/Natural Silver,14-dv2015TU"
Lenovo IdeaPad Slim 3 Intel,"34,650",4.1 out of 5 stars,915,"Lenovo IdeaPad Slim 3 Intel Core i3 12th Gen 15.6 inch (39.62cm) FHD Thin & Light Laptop (8GB/512GB SSD/Windows 11/Office 2021/3months Game Pass/Arctic Grey/1.63Kg), 82RK00VWIN"
Acer Travelmate Business Laptop Intel,"44,990",3.3 out of 5 stars,30,Acer Travelmate Business Laptop Intel Core i7-11th Gen (Windows 11 Home/16 GB Ram/1TB SSD/Intel Iris Xe Graphics/14.0 IPS Display/Backlit Keyboard/Fingerprint Sensor) TMP214-53
"Chuwi CoreBook X i5 14""","24,990",4.1 out of 5 stars,25,"Chuwi CoreBook X i5 14"" Laptop, 16GB RAM 512GB SSD, Windows 11, Intel Core i5-1035G1 (Upto 3.6GHz), WIFI 6, USB3.2, Backlit Keyboard, Webcam, Bluetooth 5.2, HDMI Port, 46.2 Wh, 1.4kg (Gray)"
HP 250 G9 Intel Core,"33,190",3.8 out of 5 stars,75,"HP 250 G9 Intel Core i3 12th Gen 1215U - (8 GB/512 GB SSD/Windows 11 Home) 7M657PA Thin and Light Laptop (15.6 inch, Silver, 2.3 kg)"
MSI Modern 15 Intel 12th,"35,590",4.2 out of 5 stars,44,"MSI Modern 15, Intel 12th Gen. i3-1215U, 40CM FHD 60Hz Laptop (16GB/512GB NVMe SSD/Windows 11 Home/Intel UHD Graphics/Classic Black/1.7Kg), B12M-612IN"
Lenovo IdeaPad 1 Intel Core,"20,990",3.8 out of 5 stars,185,"Lenovo IdeaPad 1 Intel Core Celeron N4020 14"" HD Thin and Light Laptop (4GB/256GB SDD/Windows 11 Home/1Yr ADP Free/Cloud Grey/1.3Kg), 82V6005CIN"
Samsung Galaxy Book4 (Gray 16GB,"61,990",3.3 out of 5 stars,4,"Samsung Galaxy Book4 (Gray, 16GB RAM, 512GB SSD) | 15.6"" Full HD Screen | Intel Core i5 1335U Processor | Windows 11 Home | MS Office 2021 | Fingerprint Reader | Intel Iris XE Graphics | RJ45 LAN Port"
HP Victus Gaming Laptop12th Gen,"67,990",4.1 out of 5 stars,415,"HP Victus Gaming Laptop,12th Gen Intel Core i5-12450H,4GB RTX 3050 GPU,15.6-inch(39.6 cm),FHD,IPS,16GB DDR4,512GB SSD,Backlit KB,Dual Speakers (MSO, Blue,2.37 kg),fa0666TX/fa0444tx"
(Refurbished) Lenovo ThinkPad 8th Gen,"17,139",3.8 out of 5 stars,117,"(Refurbished) Lenovo ThinkPad 8th Gen Intel Core i5 Thin & Light HD Laptop (8 GB DDR4 RAM/256 GB SSD/14"" (35.6 cm) HD/Windows 11/MS Office/WiFi/Webcam/Intel Graphics)"
HONOR MagicBook X16 (2024) 12th,"49,717",4.0 out of 5 stars,427,"HONOR MagicBook X16 (2024), 12th Gen Intel Core i5-12450H, 16-inch (40.64 cm) FHD IPS Anti-Glare Thin and Light Laptop (16GB/512GB PCIe SSD/Windows 11/ Full-Size Numeric Keyboard /1.68Kg), Gray"
HP Laptop 15s AMD Ryzen,"36,290",4.1 out of 5 stars,"1,565","HP Laptop 15s, AMD Ryzen 5 5500U, 15.6-inch (39.6 cm), FHD, 8GB DDR4, 512GB SSD, AMD Radeon Graphics, Thin & Light, Dual Speakers (Win 11, MSO 2019, Silver, 1.69 kg), eq2144AU"
(Refurbished) HP C640 10th Gen,"17,499",3.7 out of 5 stars,80,"(Refurbished) HP C640 10th Gen Intel Core i5 Thin & Light FHD Laptop (8 GB DDR4 RAM | 64 GB eMMC | 14"" (35.6 cm) FHD | Windows 11 | WiFi | Bluetooth | Intel Graphics)"
Lenovo IdeaPad Slim 5 12th,"61,490",4.0 out of 5 stars,469,"Lenovo IdeaPad Slim 5 12th Gen Intel Core i5 12450H 14"" (36cm) WUXGA IPS 300Nits Thin and Light Laptop (16GB/1TB SSD/Win 11/Office 21/BacklitKB/FHD Camera/Alexa/3 Mon Game Pass/Grey/1.46Kg),83BF0043IN"
"Lenovo V15 G2 15.6"" FHD","22,990",,M.R.P: ,"Lenovo V15 G2 15.6"" FHD Anti-Glare Business Laptop, Intel Celeron N4500, 8GB RAM, 256 SSD, Intel UHD Graphics, HD Camera, HD Audio, Wi-Fi, Bluetooth, Windows 11, Black,"
Lenovo IdeaPad Slim 3 12th,"33,990",5.0 out of 5 stars,1,"Lenovo IdeaPad Slim 3 12th Gen Intel Core i3-1215U 14 Inch (35.5cm) FHD Thin & Light Laptop (8GB/512GB SSD/Windows 11/Office 2021/3months Game Pass/Arctic Grey/1.43Kg), 82RJ00FGIN"
Lenovo IdeaPad Slim 5 13th,"81,690",,M.R.P: ,"Lenovo IdeaPad Slim 5 13th Gen Intel Core i7 13700H 16"" (40.6cm) WUXGA-IPS 300Nits Thin & Light Laptop (16GB/1TB SSD/Win 11/MSO 21/FHD+IR Camera/Alexa/1Yr ADP Free/Cloud Grey/1.9Kg), 82XF007FIN"
HP Laptop 15 13th Gen,"55,990",3.5 out of 5 stars,31,"HP Laptop 15, 13th Gen Intel Core i5-1334U, 15.6-inch (39.6 cm), FHD, 16GB DDR4, 512GB SSD, Intel Iris Xe graphics, Backlit KB, MSO, Dual speakers (Win 11, Silver, 1.59 kg), fd0221TU"
HP Laptop 14 Intel Core,"70,490",,M.R.P: ,"HP Laptop 14, Intel Core Ultra 5 125H, Built-in AI, 14-inch (35.6 cm), FHD, 16GB DDR5, 512GB SSD, Intel Arc Graphics, 1080p FHD Camera w/Privacy Shutter, Backlit KB (Win 11, Silver, 1.4 kg), gr1022TU"
HP Laptop 15s AMD Ryzen,"47,018",3.9 out of 5 stars,141,"HP Laptop 15s, AMD Ryzen 7 5700U, 15.6-inch (39.6 cm), FHD, 16GB DDR4, 512GB SSD, AMD Radeon graphics, Backlit KB, Thin & light, Dual speakers (Win 11, MSO 2021, Silver, 1.69 kg), ey2001AU"
Lenovo IdeaPad Slim 3 Intel,"34,650",4.1 out of 5 stars,915,"Lenovo IdeaPad Slim 3 Intel Core i3 12th Gen 15.6 inch (39.62cm) FHD Thin & Light Laptop (8GB/512GB SSD/Windows 11/Office 2021/3months Game Pass/Arctic Grey/1.63Kg), 82RK00VWIN"
ASUS Vivobook 16X Intel Core,"69,990",3.0 out of 5 stars,4,"ASUS Vivobook 16X, Intel Core i5-12500H, 16"" FHD+ 60Hz, Creator/Gaming Laptop (16GB RAM/512GB /RTX 2050/Win 11 Pro/Office 2021/Fingerprint /50WHr Battery/Cool Silver/1.80 kg),K3605ZF-MBN546WS"
Acer Travelmate Business Laptop Intel,"44,990",3.3 out of 5 stars,30,Acer Travelmate Business Laptop Intel Core i7-11th Gen (Windows 11 Home/16 GB Ram/1TB SSD/Intel Iris Xe Graphics/14.0 IPS Display/Backlit Keyboard/Fingerprint Sensor) TMP214-53
"Chuwi CoreBook X i5 14""","24,990",4.1 out of 5 stars,25,"Chuwi CoreBook X i5 14"" Laptop, 16GB RAM 512GB SSD, Windows 11, Intel Core i5-1035G1 (Upto 3.6GHz), WIFI 6, USB3.2, Backlit Keyboard, Webcam, Bluetooth 5.2, HDMI Port, 46.2 Wh, 1.4kg (Gray)"
Dell Inspiron 3520 Laptop Intel,"51,800",3.7 out of 5 stars,36,"Dell Inspiron 3520 Laptop, Intel Core i5-1235U Processor, 16GB,512GB,15.6"" (39.62cm) FHD Display, Backlit Keyboard, Win 11 + MSO'21,15 Month McAfee, Silver, Thin & Light-1.65kg"
HP Pavilion Plus 14 AI-enhanced,"83,990",4.0 out of 5 stars,6,"HP Pavilion Plus 14 AI-enhanced Laptop, Intel EVO Core Ultra 5 125H,14-inch (35.6 cm) 16GB, 512GB SSD, Intel Arc Graphics, WQXGA, 300 nits, 120Hz, 5MP IR Camera, (Win 11, MSO, Blue, 1.44 kg), ew1082TU"
Lenovo IdeaPad Slim 5 Intel,"79,990",4.2 out of 5 stars,9,"Lenovo IdeaPad Slim 5 Intel Core Ultra 5 125H Built-in AI 16"" (40.6cm) WUXGA-IPS 300Nit Thin & Light Laptop (16GB/1TB SSD/Win 11/MSO 21/FHD+IR Cam/1Yr ADP Free/3 mon Game Pass/Grey/1.9Kg), 83DC0042IN"
Lenovo IdeaPad Slim 3 13th,"58,390",3.1 out of 5 stars,17,"Lenovo IdeaPad Slim 3 13th Gen Intel Core i5-13420H 15.6"" (39.6cm) FHD 300 Nits Thin & Light Laptop (16GB/512GB SSD/Win 11/Office 21/1Yr ADP Free/Alexa/3 Month Game Pass/Grey/1.62Kg), 83EM0026IN"
Dell 14 Laptop Intel 13th,"50,990",4.2 out of 5 stars,43,"Dell 14 Laptop, Intel 13th Generation Core i5-1334U Processor, 8GB DDR5 & 512GB SSD, 14""(35.52cm) FHD+ AG 250nits, Windows 11 + MSO'21 + 15 Month Mcafee Antivirus, Titan Grey, Thin & Light- 1.55kg"
ASUS Vivobook 16 (2023)Thin &,"94,990",4.1 out of 5 stars,171,"ASUS Vivobook 16 (2023)Thin & Light Laptop,Intel Core i9-13900H 13th Gen, 16"" (40.64 cm) FHD+(16GB RAM/512GB SSD/Intel Iris Xe/Win 11/Office 2021/Backlit KB/Fingerprint/Black/1.88 kg) X1605VA-MB947WS"
ASUS Vivobook Go 15 (2023),"42,990",3.9 out of 5 stars,96,"ASUS Vivobook Go 15 (2023), AMD Ryzen 5 7520U, 15.6"" (39.62 cm) FHD, Thin & Light Laptop (16GB/512GB SSD/Windows 11/Office 2021/Alexa Built-in/Mixed Black/1.63 kg), E1504FA-NJ542WS"
HP Laptop 14 13th Gen,"40,990",4.2 out of 5 stars,"2,078","HP Laptop 14, 13th Gen Intel Core i3-1315U, 14-inch (35.6 cm), FHD, 8GB DDR4, 512GB SSD, Intel UHD Graphics, FHD Camera w/Privacy Shutter, Thin & Light (Win 11, MSO 2021, Blue, 1.4 kg), gr0000TU"
Dell Inspiron 3520 Laptop Intel,"51,800",3.7 out of 5 stars,36,"Dell Inspiron 3520 Laptop, Intel Core i5-1235U Processor, 16GB,512GB,15.6"" (39.62cm) FHD Display, Backlit Keyboard, Win 11 + MSO'21,15 Month McAfee, Silver, Thin & Light-1.65kg"
HP Laptop 15s AMD Ryzen,"47,018",3.9 out of 5 stars,141,"HP Laptop 15s, AMD Ryzen 7 5700U, 15.6-inch (39.6 cm), FHD, 16GB DDR4, 512GB SSD, AMD Radeon graphics, Backlit KB, Thin & light, Dual speakers (Win 11, MSO 2021, Silver, 1.69 kg), ey2001AU"
HP 15s 12th Gen Intel,"45,840",4.1 out of 5 stars,181,"HP 15s 12th Gen Intel Core i5, 15/6inch (39.6 cm), 8GB RAM, 512GB SSD, Intel Iris Xe Graphics, Backlit Kb, (Win 11 Home, Natural Silver, 1.69kg), fq5202TU / fq5329TU"
(Refurbished) HP C640 10th Gen,"17,499",3.7 out of 5 stars,80,"(Refurbished) HP C640 10th Gen Intel Core i5 Thin & Light FHD Laptop (8 GB DDR4 RAM | 64 GB eMMC | 14"" (35.6 cm) FHD | Windows 11 | WiFi | Bluetooth | Intel Graphics)"
Acer [Smartchoice] Aspire Lite AMD,"43,990",3.9 out of 5 stars,515,"Acer [Smartchoice] Aspire Lite AMD Ryzen 7 5700U Premium Thin and Light Laptop (Windows 11 Home/16 GB RAM/512 GB SSD/MSO) AL15-41 with 39.62 cm (15.6"") Full HD Display, Metal Body, Steel Gray, 1.6 KG"
Dell 15 Thin & Light,"51,499",3.6 out of 5 stars,748,"Dell 15 Thin & Light Laptop, Intel Core i5-1235U Processor/16GB DDR4/512GB SSD/Intel UHD Graphics/15.6"" (39.62cm) FHD Display/Windows 11 + MSO'21/15 Month McAfee/Carbon Black/Spill-Resistant KB/1.69kg"
Lenovo IdeaPad Slim 3 12th,"33,990",5.0 out of 5 stars,1,"Lenovo IdeaPad Slim 3 12th Gen Intel Core i3-1215U 14 Inch (35.5cm) FHD Thin & Light Laptop (8GB/512GB SSD/Windows 11/Office 2021/3months Game Pass/Arctic Grey/1.43Kg), 82RJ00FGIN"
ASUS Vivobook 16 (2023) Intel,"99,990",3.4 out of 5 stars,9,"ASUS Vivobook 16 (2023), Intel Core i9-13900H 13th Gen, 16"" (40.64 cm) FHD+, Thin & Light Laptop (16GB/1TB SSD/Intel Iris Xe/Win 11/Office 2021/Backlit KB/Fingerprint/Black/1.88 kg), X1605VA-MB957WS"
Dell Inspiron 3530 Thin &,"40,990",4.0 out of 5 stars,222,"Dell Inspiron 3530 Thin & Light Laptop, 13th Gen Intel Core i3-1305U/8GB/512GB SSD/15.6"" (39.62cm) 120Hz Refresh Rate on a FHD IPS Display/Windows 11 + MSO'21+McAfee 15 Month/Carbon Black/1.62kg"
ASUS Vivobook 16 Intel®Core™ i3-1215U,"39,990",4.1 out of 5 stars,867,"ASUS Vivobook 16, Intel®Core™ i3-1215U 12th Gen, 16"" (40.64 cm) FHD+, Thin and Light Laptop (16 GB RAM/512GB SSD/Win11/FingerPrint/Black/1.88kg), X1605ZAB-MB342WS"
ASUS Vivobook 15 Thin and,"55,990",3.9 out of 5 stars,366,"ASUS Vivobook 15 Thin and Light Laptop,Intel Core i5-12500H 12th Gen, 15.6"" (39.62 cm) FHD, (16GB RAM/512GB/Win11/Office 2021/Blue/1.7 kg), X1502ZA-EJ541WS"
Acer Aspire Lite 12th Gen,"46,999",4.0 out of 5 stars,1,"Acer Aspire Lite 12th Gen Intel Core i5-1235U Premium Laptop (16GB RAM/512GB SSD/Win11 Home&Student/Intel Graphics/MSO) AL15-52, 39.62cm (15.6"") Full HD Display, Backlit Keyboard, Steel Gray, 1.59KG"
"ASUS Vivobook 15 15.6"" (39.62cm)","57,990",3.5 out of 5 stars,10,"ASUS Vivobook 15, 15.6"" (39.62cm) FHD, Intel Core i7-12700H 12th Gen, Thin and Light Laptop (16GB/512GB SSD/Icelight Silver/1.7 Kg), X1502ZA-EJ745WS"
HONOR MagicBook X16 (2024) 12th,"49,717",4.0 out of 5 stars,427,"HONOR MagicBook X16 (2024), 12th Gen Intel Core i5-12450H, 16-inch (40.64 cm) FHD IPS Anti-Glare Thin and Light Laptop (16GB/512GB PCIe SSD/Windows 11/ Full-Size Numeric Keyboard /1.68Kg), Gray"
Lenovo IdeaPad Slim 5 Ryzen,"65,190",,50+ bought in past month,"Lenovo IdeaPad Slim 5 Ryzen 7 7730U 14"" (35.5cm) WUXGA OLED Laptop (16GB/1TB SSD/Win 11/Office 2021/Backlit KB/FHD Camera/Alexa/3 Month Game Pass/1Yr ADP Free/Arctic Grey/1.46Kg), 82XE007EIN"
Lenovo IdeaPad Slim 5 13th,"81,690",,M.R.P: ,"Lenovo IdeaPad Slim 5 13th Gen Intel Core i7 13700H 16"" (40.6cm) WUXGA-IPS 300Nits Thin & Light Laptop (16GB/1TB SSD/Win 11/MSO 21/FHD+IR Camera/Alexa/1Yr ADP Free/Cloud Grey/1.9Kg), 82XF007FIN"
HP Pavilion 14 12th Gen,"61,990",4.2 out of 5 stars,421,"HP Pavilion 14, 12th Gen Intel Core i5-1235U, 14-inch (35.6 cm), FHD, 16GB DDR4, 512GB SSD, Intel Iris Xe graphics, FPR, 720p HD camera, Backlit KB (Win 11, MSO 2021, Silver, 1.41 kg), dv2014TU"
(Refurbished) Lenovo ThinkPad 7th Gen,"20,799",4.7 out of 5 stars,7,"(Refurbished) Lenovo ThinkPad 7th Gen Intel Core i5 Thin & Light HD Laptop (16 GB DDR4 RAM/512 GB SSD/14"" (35.6 cm) HD/Windows 11/MS Office/WiFi/Webcam/Intel Graphics)"
Dell Inspiron 3530 Laptop 13th,"69,850",4.1 out of 5 stars,6,"Dell Inspiron 3530 Laptop, 13th Generation Intel Core i7-1355U Processor, 16GB, 512GB, 15.6"" (39.62cm) FHD 120Hz Display, Backlit KB, Win 11 + MSO'21, 15 Month McAfee, Silver, Thin & Light-1.62kg"
Lenovo IdeaPad Slim 3 12th,"51,990",3.9 out of 5 stars,443,"Lenovo IdeaPad Slim 3 12th Gen Intel Core i5-12450H 15.6"" (39.6cm) FHD IPS Thin & Light Laptop (16GB/512GB SSD/Win 11/Office 21/Backlit KB/1 Yr ADP Free/3 Mon. Game Pass/Grey/1.6Kg), 83ER008DIN"
(Refurbished) HP Chromebook 13 G1,"13,499",3.2 out of 5 stars,62,"(Refurbished) HP Chromebook 13 G1 6th Gen Intel Core m5 FHD Thin & Light Laptop (8 GB RAM| 32 GB eMMC Storage| 13.3"" (33.8 cm) FHD| Chrome OS| WiFi| Bluetooth| Webcam| Intel Graphics)"
Acer Nitro V Gaming Laptop,"89,990",5.0 out of 5 stars,2,"Acer Nitro V Gaming Laptop 13th Gen Intel Core i7-13620H (Windows 11 Home/16 GB DDR5/512 GB SSD/6 GB NVIDIA GeForce RTX 4050 Graphics/165 Hz/Wi-Fi 6) ANV15-51, 39.6 cm (15.6"") FHD IPS Display, 2.1 KG"
Lenovo V15 AMD Ryzen 7,"42,990",4.3 out of 5 stars,10,"Lenovo V15 AMD Ryzen 7 7730U 15.6"" (39.62cm) FHD 250 Nits Antiglare Thin and Light Laptop (16GB/512GB SSD/Windows 11 Home/Iron Grey/1.65 Kg)"
"Chuwi GemiBook Plus 15.6"" Laptop","21,990",3.7 out of 5 stars,273,"Chuwi GemiBook Plus 15.6"" Laptop, 8GB RAM 256GB SSD, Windows 11, Intel N100 (Upto 3.4GHz), WIFI 6, USB-A 3.0, Webcam, Bluetooth 5.2, HDMI Port, 38Wh, 1.7kg (Iron Gray)"
ASUS Vivobook 16X Intel Core,"69,990",3.0 out of 5 stars,4,"ASUS Vivobook 16X, Intel Core i5-12500H, 16"" FHD+ 60Hz, Creator/Gaming Laptop (16GB RAM/512GB /RTX 2050/Win 11 Pro/Office 2021/Fingerprint /50WHr Battery/Cool Silver/1.80 kg),K3605ZF-MBN546WS"
ASUS TUF Gaming F17 (2022),"70,991",3.8 out of 5 stars,57,"ASUS TUF Gaming F17 (2022) Intel Core i5-12500H Gaming Laptop,17.3""(43.94 cms) FHD 144Hz, RTX 3050 4GB GPU, (16GB RAM /512GB SSD/90WHr Battery/Windows 11/Gray/2.6 Kg), FX707ZC4-HX067W"
ZEBRONICS PRO Series Z NBC,"24,990",3.8 out of 5 stars,71,"ZEBRONICS PRO Series Z NBC 3S, Intel Core 12th Gen i3 Processor 8GB RAM & 512GB SSD Laptop, 15.6 Inch (39.6CM), IPS 180° Display, Dolby Atmos, 38.5Wh Large Battery, Windows 11, Blue, 1.76 Kg"
HP 250 G9 Intel Core,"33,190",3.8 out of 5 stars,75,"HP 250 G9 Intel Core i3 12th Gen 1215U - (8 GB/512 GB SSD/Windows 11 Home) 7M657PA Thin and Light Laptop (15.6 inch, Silver, 2.3 kg)"
AXL VayuBook Laptop 14.1 Inch,"11,990",3.2 out of 5 stars,267,"AXL VayuBook Laptop 14.1 Inch FHD IPS Display (4GB Ram,128GB SSD) 1920 * 1080 Resolution | HD Gemini Lake N4020 | Windows 11 Home | UHD Graphics 600 | Space Grey"
HP Laptop 15 13th Gen,"53,900",4.1 out of 5 stars,181,"HP Laptop 15, 13th Gen Intel Core i5-1335U, 15.6-inch (39.6 cm), FHD, 8GB DDR4, 512GB SSD, Intel Iris Xe graphics, FHD camera w/privacy shutter (Win 11, MSO 2021, Silver, 1.59 kg), fd0011TU"
Lenovo IdeaPad Pro 5 Intel,N/A,4.7 out of 5 stars,27,"Lenovo IdeaPad Pro 5 Intel Core Ultra 9 185H Built-in AI 16"" (40.6cm) 2K-OLED 400Nits 120Hz Touchscreen Laptop (32GB/1TB SSD/NVIDIA RTX 4050 6GB/Win11/Office/1Yr ADP Free/Grey/1.9Kg), 83D4002PIN"
ASUS Vivobook Go 14 (2023),"40,990",4.3 out of 5 stars,8,"ASUS Vivobook Go 14 (2023), AMD Ryzen 5 7520U, 14-inch (35.56 cm) FHD, Thin & Light Laptop (16GB/512GB SSD/Windows 11/Office 2021/Alexa Built-in/Mixed Black/1.38 kg), E1404FA-NK547WS"
Lenovo IdeaPad 1 Intel Core,"25,900",4.1 out of 5 stars,5,"Lenovo IdeaPad 1 Intel Core Celeron N4020 15"" HD Thin and Light Laptop (8GB/512GB SDD/Windows 11 Home/Office 2021/1Yr Warranty/Cloud Grey/1.3Kg), 82V700ECIN"
MSI Modern 15 Intel 12th,"35,590",4.2 out of 5 stars,44,"MSI Modern 15, Intel 12th Gen. i3-1215U, 40CM FHD 60Hz Laptop (16GB/512GB NVMe SSD/Windows 11 Home/Intel UHD Graphics/Classic Black/1.7Kg), B12M-612IN"
HP Laptop 15s AMD Ryzen,"47,900",4.5 out of 5 stars,5,"HP Laptop 15s AMD Ryzen 7 5700U, 15.6-inch(39.6 cm) FHD, Anti-Glare Laptop (16 GB/512 GB/AMD Radeon Graphics/Dual Speakers/Backlit KB/Win 11/1.69kg/Natural Silver, 15s-eq2084AU"
Acer Travelmate Business Laptop Intel,"44,990",3.3 out of 5 stars,30,Acer Travelmate Business Laptop Intel Core i7-11th Gen (Windows 11 Home/16 GB Ram/1TB SSD/Intel Iris Xe Graphics/14.0 IPS Display/Backlit Keyboard/Fingerprint Sensor) TMP214-53
ASUS VivoBook 15 (2022) Intel®Core™,"33,990",4.0 out of 5 stars,98,"ASUS VivoBook 15 (2022), Intel®Core™ i3-1215U 12th Gen, 15.6"" (39.62 cm) FHD, Thin and Light Laptop (8GB/512 SSD//Windows 11/Office 2021//Backlit KB/Icelight Silver/1.7 kg), X1502ZA-EJ322WS"
HP Laptop 15 Intel Core,"70,490",3.0 out of 5 stars,4,"HP Laptop 15, Intel Core Ultra 5 125H, Enhanced by AI, 15.6-inch (39.6 cm), FHD, 16GB DDR5, 512GB SSD, Intel Graphics, FPR, 1080p FHD Camera, Backlit KB (Win 11, Silver, 1.65 kg), fd1099TU"
Lenovo IdeaPad Slim 5 13th,"81,690",,M.R.P: ,"Lenovo IdeaPad Slim 5 13th Gen Intel Core i7 13700H 16"" (40.6cm) WUXGA-IPS 300Nits Thin & Light Laptop (16GB/1TB SSD/Win 11/MSO 21/FHD+IR Camera/Alexa/1Yr ADP Free/Cloud Grey/1.9Kg), 82XF007FIN"
Dell Inspiron 5430 13th Gen,"66,490",3.6 out of 5 stars,125,"Dell Inspiron 5430 13th Gen Laptop, Intel Core i5-1335U Processor/16GB/ 512GB SSD/14.0"" (35.56cm) FHD+/Backlit KB + FPR/Win 11 + MSO'2/McAfee 15 Months/Silver/Thunderbolt 4.0 ​Port/Thin & Light-1.59kg"
(Refurbished) HP 840g3 Elitebook Ultra,"22,100",3.9 out of 5 stars,31,(Refurbished) HP 840g3 Elitebook Ultra Light 1.5 KG(6th Gen Intel Core i5 - 6300U /8 GB/1 TB SSD/Windows 10 Pro/Silver /14 Inch Screen)
Acer Aspire Lite 12th Gen,"32,949",4.0 out of 5 stars,868,"Acer Aspire Lite 12th Gen Intel Core i3-1215U Thin and Light Metal Laptop (Windows 11 Home/8GB RAM/512GB SSD/Intel UHD Graphics/MSO) AL15-52, 39.62cm (15.6"") Full HD Display, Steel Gray, 1.59 KG"
Lenovo V15 AMD Ryzen 5,"33,980",5.0 out of 5 stars,1,Lenovo V15 AMD Ryzen 5 7520U Laptop (8GB DDR5 RAM/ 512GB M.2 SSD PCIe NVMe/Windows-11/MS-Office/Arctic Grey/1.56Kgs) 1 Year Brand Warranty
[Smart Choice] HP OMEN Gaming,"1,13,990",3.9 out of 5 stars,83,"[Smart Choice] HP OMEN Gaming Laptop, AMD Ryzen 7 7840HS, 8GB RTX 4060 GPU, 16.1""(40.9 cm), FHD, IPS, 165 Hz, 300 nits, 16GB DDR5, 1TB SSD, RGB KB, 7ms Response time (Win 11, Black, 2.32 kg), xd0020AX"
ASUS Vivobook Go 14 (2023),"31,250",4.1 out of 5 stars,78,"ASUS Vivobook Go 14 (2023), AMD Ryzen 3 7320U, Thin & Light Laptop, 14-inch (35.56 cm) FHD, (8GB RAM /512GB SSD/Windows 11/Office 2021/Alexa Built-in/Grey Green/1.38 kg), E1404FA-NK323WS"
Acer Travelmate Business Laptop Intel,"42,990",,M.R.P: ,"Acer Travelmate Business Laptop Intel Core i7-1165G7 Processor (Windows 11 Home/16 GB DDR4/512 GB SSD/Intel Iris Xe Graphics) TMP214-53 with 35.56 cm (14"") Full HD Display"
JioBook 11 Android 4G Laptop,"15,599",3.4 out of 5 stars,3,JioBook 11 Android 4G Laptop (Mediatek 8788 Octa-core 2 GHz/ARM Mali G72 MP3 @800 MHz/29.5cms 60 Hz/Thin and Light Laptop/ 4 GB LPDDR4/ 64 GB eMMC/JioOS/Dual Band Wi-Fi/Blue/ 990 GMS)/Office Included
Lenovo IdeaPad 3 12th Gen,"39,490",3.0 out of 5 stars,1,"Lenovo IdeaPad 3 12th Gen Intel Core i3-1215U 14 Inch (35.5cm) FHD Thin & Light Laptop (8GB/512GB SSD/Win 11/Office 2021/Backlit KB/1Yr ADP Free/3months Game Pass/Arctic Grey/1.43Kg), 82RJ00FKIN"
Acer [Smartchoice] Aspire Lite AMD,"43,990",3.9 out of 5 stars,515,"Acer [Smartchoice] Aspire Lite AMD Ryzen 7 5700U Premium Thin and Light Laptop (Windows 11 Home/16 GB RAM/512 GB SSD/MSO) AL15-41 with 39.62 cm (15.6"") Full HD Display, Metal Body, Steel Gray, 1.6 KG"
MSI Thin 15 Intel Core,"61,990",3.7 out of 5 stars,14,"MSI Thin 15, Intel Core i7-12650H, 40CM FHD 144Hz Gaming Laptop(16GB/512GB NVMe SSD/Windows 11 Home/NVIDIA GeForce RTX 2050,GDDR6 4GB/Cosmos Gray/1.86Kg), B12UCX-1694IN"
HP Laptop 14 13th Gen,"40,990",4.2 out of 5 stars,"2,078","HP Laptop 14, 13th Gen Intel Core i3-1315U, 14-inch (35.6 cm), FHD, 8GB DDR4, 512GB SSD, Intel UHD Graphics, FHD Camera w/Privacy Shutter, Thin & Light (Win 11, MSO 2021, Blue, 1.4 kg), gr0000TU"
Lenovo IdeaPad Slim 5 13th,"73,490",4.0 out of 5 stars,42,"Lenovo IdeaPad Slim 5 13th Gen Intel Core i5 13500H 16"" (40.6cm) 2.5K IPS 350Nits Laptop (16GB/1TB SSD/Win 11/Office 2021/Backlit KB/FHD 1080p Camera/Alexa/3 Month Game Pass/Grey/1.89Kg), 82XF0077IN"
Lenovo IdeaPad 1 Intel Core,"25,900",4.1 out of 5 stars,5,"Lenovo IdeaPad 1 Intel Core Celeron N4020 15"" HD Thin and Light Laptop (8GB/512GB SDD/Windows 11 Home/Office 2021/1Yr Warranty/Cloud Grey/1.3Kg), 82V700ECIN"
"Chuwi HeroBook Plus 15.6"" FHD","18,990",4.0 out of 5 stars,"3,968","Chuwi HeroBook Plus 15.6"" FHD Laptop, Intel Celeron N4020 Dual Core Processor Upto 2.80GHz, 8GB RAM, 256GB SSD, Intel UHD Graphics, Windows 11,WiFi 6,Webcam,BT 5.2,HDMI Port,38Wh, 1.74kg (Iron Gray)"
Acer Travelmate Business Laptop Intel,"42,990",,M.R.P: ,"Acer Travelmate Business Laptop Intel Core i7-1165G7 Processor (Windows 11 Home/16 GB DDR4/512 GB SSD/Intel Iris Xe Graphics) TMP214-53 with 35.56 cm (14"") Full HD Display"
HP Laptop 14 Intel Core,"84,990",,M.R.P: ,"HP Laptop 14, Intel Core Ultra 7 155H, Built-in AI, 14-inch (35.6 cm), FHD, 16GB DDR5, 512GB SSD, Intel Arc Graphics, 1080p FHD Camera w/Privacy Shutter, Backlit KB (Win 11, Silver, 1.4 kg), gr1023TU"
ZEBRONICS PRO Series Z NBC,"24,990",3.8 out of 5 stars,71,"ZEBRONICS PRO Series Z NBC 3S, Intel Core 12th Gen i3 Processor 8GB RAM & 512GB SSD Laptop, 15.6 Inch (39.6CM), IPS 180° Display, Dolby Atmos, 38.5Wh Large Battery, Windows 11, Blue, 1.76 Kg"
(Renewed) DELL Latitude 5490 Core,"22,430",3.2 out of 5 stars,635,"(Renewed) DELL Latitude 5490 Core i5 8th Gen Laptop, 16 GB RAM, 512GB SSD, Intel HD Graphics, 14 inch (36.83 cms) HD Screen, Windows 11 (Upgraded), MS Office, Black, Slim"
MSI Thin 15 Intel 13th,"63,990",4.0 out of 5 stars,1,"MSI Thin 15, Intel 13th Gen. Core i5-13420H, 40CM FHD 144Hz Gaming Laptop(16GB/512GB NVMe SSD/Windows 11 Home/NVIDIA GeForce RTX 3050,GDDR6 4GB/Cosmos Gray/1.86Kg), B13UC-1805IN"
Lenovo Yoga Slim 7 Intel,"1,05,799",4.6 out of 5 stars,10,"Lenovo Yoga Slim 7 Intel Core Ultra 7 155H Built-in AI 14""(35.5cm) WUXGA-OLED 400Nits Laptop (32GB/1TB SSD/100% DCI-P3/FHD+IR Camera/Win11/MSO 21/1Yr ADP Free/3Mon. Game Pass/Grey/1.39Kg), 83CV002DIN"
Lenovo Legion 5 Intel Core,"1,27,490",4.2 out of 5 stars,112,"Lenovo Legion 5 Intel Core i7-14650HX 16"" (40.64cm) WQXGA IPS 350Nits 165Hz Gaming Laptop (16GB/1TB SSD/Win 11/Office 2021/NVIDIA RTX 4050 6GB/100%sRGB/Alexa/3 Month Game Pass/Grey/2.3Kg), 83DG004RIN"
Lenovo V15 Intel Core i3,"32,543",3.7 out of 5 stars,67,"Lenovo V15 Intel Core i3 12th Gen 15.6"" (39.62 cm) FHD (1920x1080) Antiglare 250 Nits Thin and Light Laptop (8GB RAM/512GB SSD/DOS/Iron Grey/1Y Onsite + 1Y ADP/1.7 kg), 82TTA00UIH"
Lenovo IdeaPad Slim 3 13th,"40,500",3.6 out of 5 stars,24,"Lenovo IdeaPad Slim 3 13th Gen Intel Core i3 15.6 inch (39.6cm) FHD Laptop (8GB/512GB SSD/Windows 11/Office 2021/Alexa Built-in/1Yr ADP Free/3 Month Game Pass/Arctic Grey/1.62Kg), 82X70033IN"
MSI Modern 14 Intel 12th,"48,990",4.0 out of 5 stars,145,"MSI Modern 14, Intel 12th Gen. i7-1255U, 36CM FHD 60Hz Laptop (16GB/512GB NVMe SSD/Windows 11 Home/Intel Iris Xe Graphics/Classic Black/1.4Kg), C12M-459IN"
[Smart Choice] HP OMEN Gaming,"1,13,990",3.9 out of 5 stars,83,"[Smart Choice] HP OMEN Gaming Laptop, AMD Ryzen 7 7840HS, 8GB RTX 4060 GPU, 16.1""(40.9 cm), FHD, IPS, 165 Hz, 300 nits, 16GB DDR5, 1TB SSD, RGB KB, 7ms Response time (Win 11, Black, 2.32 kg), xd0020AX"
HP Laptop 15 AMD Ryzen™,"40,880",3.6 out of 5 stars,18,"HP Laptop 15, AMD Ryzen™ 5 5500U, 15.6-inch (39.6 cm), FHD, 16GB DDR4(3200 SDRAM), 512GB SSD, Dual Speakers,MSO,Windows 11,Natural Silver,1.69 kg,15s-eq2305au"
Acer Aspire Lite 12th Gen,"46,999",4.0 out of 5 stars,1,"Acer Aspire Lite 12th Gen Intel Core i5-1235U Premium Laptop (16GB RAM/512GB SSD/Win11 Home&Student/Intel Graphics/MSO) AL15-52, 39.62cm (15.6"") Full HD Display, Backlit Keyboard, Steel Gray, 1.59KG"
Lenovo IdeaPad Slim 5 AMD,"59,190",4.3 out of 5 stars,40,"Lenovo IdeaPad Slim 5 AMD Ryzen 5 7530U 14"" (35.5cm) WUXGA OLED Laptop (16GB/1TB SSD/Win 11/Office 2021/Backlit KB/FHD Camera/Alexa/3 Month Game Pass/Arctic Grey/1.46Kg), 82XE007DIN"
Lenovo IdeaPad Slim 5 Intel,"79,990",4.2 out of 5 stars,9,"Lenovo IdeaPad Slim 5 Intel Core Ultra 5 125H Built-in AI 16"" (40.6cm) WUXGA-IPS 300Nit Thin & Light Laptop (16GB/1TB SSD/Win 11/MSO 21/FHD+IR Cam/1Yr ADP Free/3 mon Game Pass/Grey/1.9Kg), 83DC0042IN"
ASUS Vivobook Go 14 (2023),"36,990",3.8 out of 5 stars,21,"ASUS Vivobook Go 14 (2023), AMD Ryzen 5 7520U, 14-inch (35.56 cm) FHD, Thin & Light Laptop (8GB/512GB SSD/Windows 11/Office 2021/Alexa Built-in/Mixed Black/1.38 kg), E1404FA-NK522WS"
Acer Aspire 5 Gaming Laptop,"56,990",4.0 out of 5 stars,316,"Acer Aspire 5 Gaming Laptop 13th Gen Intel Core i5(16GB RAM/512GB SSD/NVIDIA RTX 2050 4GB Graphics/144Hz/Win11Home)A515-58GM 15.6"" FHD Display, Steel Gray, Backlit Keyboard, Fingerprint Reader, 1.78KG"
Lenovo IdeaPad 1 Intel Core,"26,990",3.4 out of 5 stars,6,"Lenovo IdeaPad 1 Intel Core Celeron N4020 14"" HD Thin and Light Laptop (8GB/512GB SDD/Windows 11 Home/1Yr ADP Free/Cloud Grey/1.3Kg), 82V6009HIN"
HP Laptop 15 13th Gen,"51,990",4.0 out of 5 stars,24,"HP Laptop 15, 13th Gen Intel® Core™ i5-1334U, 15.6-inch(39.6 cm), FHD, 8GB DDR4(3200 MHZ),512GB SSD,MSO,Dual Speakers,Win 11, Natural Silver, 1.6kg, 15-fd0220TU"
Lenovo IdeaPad 1 AMD Athlon,"27,990",3.0 out of 5 stars,8,"Lenovo IdeaPad 1 AMD Athlon Silver 7120U 15.6"" HD Thin and Light Laptop (8GB/512GB SDD/Windows 11 Home/1Year Warranty/MS Office/Cloud Grey/1.58Kg), 82VG00EQIN"
MSI Ryzen 5 Hexa Core,"34,490",1.0 out of 5 stars,2,"MSI Ryzen 5 Hexa Core 7530U - (8 GB/512 GB SSD/Windows 11 Home) Modern 14 C7M-063IN Thin and Light Laptop (14 Inch, Urban Silver, 1.4 Kg)"
ZEBRONICS PRO Series Z NBC,"41,990",3.7 out of 5 stars,87,"ZEBRONICS PRO Series Z NBC 5S, Intel Core 12th Gen i7 Processor 16GB RAM & 1TB SSD Laptop, 15.6 Inch (39.6CM), IPS 180° Display, Dolby Atmos, 38.5Wh Large Battery, Windows 11, Midnight Blue, 1.76 Kg"
HP Victus Windows 11 Home,"57,980",3.9 out of 5 stars,93,"HP Victus Windows 11 Home Gaming Laptop,12Th Gen Intel Core I5-12450H,4Gb Rtx 2050 Gpu,15.6-Inch (39.6 Cm), Fhd,IPS,8Gb Ddr4, 512Gb Ssd, Backlit Kb,Dual Speakers(Mso, Blue,2.37 Kg),Fa1132Tx/Fa1312Tx"
Lenovo Legion 5 Intel Core,"1,27,490",4.2 out of 5 stars,112,"Lenovo Legion 5 Intel Core i7-14650HX 16"" (40.64cm) WQXGA IPS 350Nits 165Hz Gaming Laptop (16GB/1TB SSD/Win 11/Office 2021/NVIDIA RTX 4050 6GB/100%sRGB/Alexa/3 Month Game Pass/Grey/2.3Kg), 83DG004RIN"
MSI Thin 15 Intel Core,"54,990",,M.R.P: ,"MSI Thin 15, Intel Core i5-13420H, 40CM FHD 144Hz Gaming Laptop(16GB/512GB NVMe SSD/Windows 11 Home/NVIDIA GeForce RTX 2050,GDDR6 4GB /Cosmos Gray/1.86Kg), B13UCX-1807IN"
ZEBRONICS PRO Series Z NBC,"31,990",3.4 out of 5 stars,117,"ZEBRONICS PRO Series Z NBC 4S, Intel Core 12th Gen i5 Processor 16GB RAM & 512GB SSD Laptop, 15.6 Inch (39.6CM), IPS 180° Display, Dolby Atmos, 38.5Wh Large Battery, Windows 11, Space Grey, 1.76 Kg"
Lenovo IdeaPad Gaming 3 AMD,"62,990",3.9 out of 5 stars,28,"Lenovo IdeaPad Gaming 3 AMD Ryzen 5 7535HS 15.6"" (39.62cm) FHD IPS 120Hz Gaming Laptop (16GB/512GB SSD/Win11/Office 2021/NVIDIA RTX 3050 6GB/Alexa/3 Month Game Pass/Onyx Grey/2.3Kg), 82SB00QKIN"
Dell 15 Laptop 13th Gen,"51,990",4.6 out of 5 stars,7,"Dell 15 Laptop, 13th Gen Intel Core i5-1335U Processor/ 8GB/ 512GB SSD/15.6"" (39.62cm) FHD AG 120Hz 250 nits Narrow Border/ Win11 + MSO'21/15 Month McAfee/Carbon Black/Thin & Light- 1.66kg"
HP Victus Gaming Laptop AMD,"99,490",4.3 out of 5 stars,101,"HP Victus Gaming Laptop, AMD Ryzen 7 8845HS AI Powered, 6GB RTX 4050 GPU,15.6-inch (39.6 cm),FHD, IPS,144Hz,16GB DDR5,1TB SSD, 300 nits, Win 11,Backlit KB, DTS:X Ultra (MSO, Blue, 2.29 kg), fb2117AX"
HP Pavilion Laptop 13th Gen,"65,990",3.7 out of 5 stars,136,HP Pavilion Laptop 13th Gen Intel Core i5-1340P 15.6 inch(39.6cm) FHD IPS Laptop(16GB RAM /512GB SSD/Intel Iris Xe Graphics/Win 11/MSO 2021/Backlit Keyboard/FPR/B&O/Alexa/Natural Silver) 15-eg3079TU
Lenovo ThinkPad E14 AMD Ryzen,"47,990",4.2 out of 5 stars,30,"Lenovo ThinkPad E14 AMD Ryzen 5 7530U 14"" (35.56 cm) WUXGA IPS 300 Nits Thin and Light Laptop (8GB RAM/512GB SSD/Windows 11 Home/AMD Radeon Graphics/Backlit Keyboard/FPR/Black/1.41 kg), 21JRS00T00"
HP Victus Gaming Laptop 12th,"60,990",3.9 out of 5 stars,93,"HP Victus Gaming Laptop, 12th Gen Intel Core i5-12450H,4GB RTX 2050 GPU,15.6-inch(39.6 cm),FHD,IPS,144Hz,16GB DDR4,512GB SSD,Backlit KB,W11+MSO,B&O,9ms Response time(Mica Silver, 2.29 kg),15-fa1099TX"
HP Laptop 15 Intel® Core™,"55,990",4.0 out of 5 stars,24,"HP Laptop 15, Intel® Core™ i5-1334U,15.6-inch(39.6 cm),FHD,16GB DDR4,512GB SSD,Dual Speakers,(Windows 11, MSO,Natural Silver, 1.59 kg),15-fd0316TU"
HP Pavilion Plus 14 AI-enhanced,"83,990",4.0 out of 5 stars,6,"HP Pavilion Plus 14 AI-enhanced Laptop, Intel EVO Core Ultra 5 125H,14-inch (35.6 cm) 16GB, 512GB SSD, Intel Arc Graphics, WQXGA, 300 nits, 120Hz, 5MP IR Camera, (Win 11, MSO, Blue, 1.44 kg), ew1082TU"
Dell Inspiron 5430 13th Gen,"66,490",3.6 out of 5 stars,125,"Dell Inspiron 5430 13th Gen Laptop, Intel Core i5-1335U Processor/16GB/ 512GB SSD/14.0"" (35.56cm) FHD+/Backlit KB + FPR/Win 11 + MSO'2/McAfee 15 Months/Silver/Thunderbolt 4.0 ​Port/Thin & Light-1.59kg"
(Refurbished) Lenovo ThinkPad L480 8th,"21,349",3.5 out of 5 stars,104,"(Refurbished) Lenovo ThinkPad L480 8th Gen Intel Core i5 Thin & Light HD Laptop (16 GB DDR4 RAM/512 GB SSD/14"" (35.6 cm) HD/Windows 11/MS Office/WiFi/Bluetooth/Webcam/Intel Graphics)"
HP Laptop 15 AMD Ryzen™,"40,880",3.6 out of 5 stars,18,"HP Laptop 15, AMD Ryzen™ 5 5500U, 15.6-inch (39.6 cm), FHD, 16GB DDR4(3200 SDRAM), 512GB SSD, Dual Speakers,MSO,Windows 11,Natural Silver,1.69 kg,15s-eq2305au"
Lenovo Ideapad Slim 3 AMD,"39,990",3.8 out of 5 stars,83,"Lenovo Ideapad Slim 3 AMD Ryzen 5 7520U 15.6"" (39.6cm) FHD Laptop (8Gb/512Gb SSD/Win 11/Office 2021/1 Year Warranty/Alexa Built-in/3 Month Game Pass/Arctic Grey/1.62Kg), 82XQ008GIN"
Acer Aspire Lite AMD Ryzen,"38,849",3.9 out of 5 stars,515,"Acer Aspire Lite AMD Ryzen 5 5500U Premium Thin and Light Laptop (16 GB RAM/1 TB SSD/Windows 11 Home) AL15-41, 39.62 cm (15.6"") Full HD Display, Metal Body, Steel Gray, 1.59 KG"
HP 15s 12th Gen Intel,"45,990",3.9 out of 5 stars,137,"HP 15s 12th Gen Intel Core i5 1235U, 15.6-inch(39.6 cm) FHD, Anti-Glare Laptop (8GB/512 GB/Intel Iris Xᵉ Graphics/Win 11/Dual Speakers/Backlit KB/ 1.69kg/Natural Silver, 15s-fr5010TU"
Lenovo IdeaPad Slim 5 12th,"56,990",4.0 out of 5 stars,469,"Lenovo IdeaPad Slim 5 12th Gen Intel Core i5 12450H 16"" (40.6cm) WUXGA+ IPS Laptop (16GB/512GB SSD/Win 11/Office 2021/Backlit KB/FHD Camera/Alexa/3 Month Game Pass/Cloud Grey/1.89Kg), 83BG000PIN"
HP Laptop 15 AMD Ryzen,"43,999",3.5 out of 5 stars,25,"HP Laptop 15, AMD Ryzen 5 7520U, 15.6-inch (39.6 cm), FHD, 16GB LPDDR5, 512GB SSD, AMD Radeon graphics, FHD camera w/privacy shutter, Backlit KB (Win 11, MSO 2021, Silver, 1.59 kg), fc0030AU"
Dell [Smartchoice] 14 Thin &,"48,390",3.7 out of 5 stars,263,"Dell [Smartchoice] 14 Thin & Light Laptop, Intel 12th Gen Core i5-1235U/8GB/512GB SSD/14.0"" (35.56cm) FHD/Intel UHD Graphics/Spill-Resistant Keyboard/Windows 11 + MSO'21/Black/15 Month McAfee, 1.48kg"
[Smart Choice] HP OMEN Gaming,"1,13,990",3.9 out of 5 stars,83,"[Smart Choice] HP OMEN Gaming Laptop, AMD Ryzen 7 7840HS, 8GB RTX 4060 GPU, 16.1""(40.9 cm), FHD, IPS, 165 Hz, 300 nits, 16GB DDR5, 1TB SSD, RGB KB, 7ms Response time (Win 11, Black, 2.32 kg), xd0020AX"
HP Pavilion Laptop 13th Gen,"65,990",3.7 out of 5 stars,136,HP Pavilion Laptop 13th Gen Intel Core i5-1340P 15.6 inch(39.6cm) FHD IPS Laptop(16GB RAM /512GB SSD/Intel Iris Xe Graphics/Win 11/MSO 2021/Backlit Keyboard/FPR/B&O/Alexa/Natural Silver) 15-eg3079TU
Acer Aspire 5 Gaming Laptop,"56,990",4.0 out of 5 stars,316,"Acer Aspire 5 Gaming Laptop 13th Gen Intel Core i5(16GB RAM/512GB SSD/NVIDIA RTX 2050 4GB Graphics/144Hz/Win11Home)A515-58GM 15.6"" FHD Display, Steel Gray, Backlit Keyboard, Fingerprint Reader, 1.78KG"
HP Pavilion 14 12th Gen,"56,990",3.9 out of 5 stars,137,"HP Pavilion 14 12th Gen Intel Core i5 8GB RAM/512GB SSD 14 inch(35.6cm) IPS Micro-Edge FHD Laptop/Intel Iris Xe Graphics/B&O/Win 11/Backlit KB/MSO 2021/Natural Silver, 14-dv2053TU"
Lenovo IdeaPad 3 12th Gen,"39,490",3.0 out of 5 stars,1,"Lenovo IdeaPad 3 12th Gen Intel Core i3-1215U 14 Inch (35.5cm) FHD Thin & Light Laptop (8GB/512GB SSD/Win 11/Office 2021/Backlit KB/1Yr ADP Free/3months Game Pass/Arctic Grey/1.43Kg), 82RJ00FKIN"
Acer Nitro V Gaming Laptop,"89,990",5.0 out of 5 stars,2,"Acer Nitro V Gaming Laptop 13th Gen Intel Core i7-13620H (Windows 11 Home/16 GB DDR5/512 GB SSD/6 GB NVIDIA GeForce RTX 4050 Graphics/165 Hz/Wi-Fi 6) ANV15-51, 39.6 cm (15.6"") FHD IPS Display, 2.1 KG"
Apple 2023 MacBook Pro (16-inch,"3,79,990",3.4 out of 5 stars,11,"Apple 2023 MacBook Pro (16-inch, M3 Max chip with 16‑core CPU and 40‑core GPU, 48GB Unified Memory, 1TB) - Space Black"
AVITA Laptop PURA S102 15.6,"18,590",4.0 out of 5 stars,13,"AVITA Laptop PURA S102 15.6 INCH CELERON 8GB RAM, 512GB SSD"
Lenovo LOQ 2024 13th Gen,"1,10,490",3.9 out of 5 stars,37,"Lenovo LOQ 2024 13th Gen Intel Core i7-13650HX 15.6"" (39.6cm) 144Hz 300Nits FHD Gaming Laptop (24GB/512GB SSD/Win 11/NVIDIA RTX 4060 8GB/MSO 21/1Yr ADP Free/3mon Game Pass/Grey/2.4Kg), 83DV00LXIN"
Lenovo IdeaPad Slim 5 AMD,"59,190",4.3 out of 5 stars,40,"Lenovo IdeaPad Slim 5 AMD Ryzen 5 7530U 14"" (35.5cm) WUXGA OLED Laptop (16GB/1TB SSD/Win 11/Office 2021/Backlit KB/FHD Camera/Alexa/3 Month Game Pass/Arctic Grey/1.46Kg), 82XE007DIN"
Acer Aspire Lite 12th Gen,"46,999",4.0 out of 5 stars,1,"Acer Aspire Lite 12th Gen Intel Core i5-1235U Premium Laptop (16GB RAM/512GB SSD/Win11 Home&Student/Intel Graphics/MSO) AL15-52, 39.62cm (15.6"") Full HD Display, Backlit Keyboard, Steel Gray, 1.59KG"
Acer Nitro V Gaming Laptop,"82,980",4.0 out of 5 stars,483,"Acer Nitro V Gaming Laptop 13th Gen Intel Core i5-13420H with RTX 4050 Graphics 6GB VRAM, 144Hz Display (16GB DDR5/1TB SSD/Windows 11 Home/Wi-Fi 6),15.6""(39.6cms) FHD ANV15-51"
HP Victus Gaming Laptop 12th,"60,990",3.9 out of 5 stars,93,"HP Victus Gaming Laptop, 12th Gen Intel Core i5-12450H,4GB RTX 2050 GPU,15.6-inch(39.6 cm),FHD,IPS,144Hz,16GB DDR4,512GB SSD,Backlit KB,W11+MSO,B&O,9ms Response time(Mica Silver, 2.29 kg),15-fa1099TX"
Lenovo V15 Intel Core i5,"44,990",3.8 out of 5 stars,50,"Lenovo V15 Intel Core i5 11th Gen 15.6"" FHD Thin and Light Laptop (16GB RAM/512GB SSD/Windows 11 Home/MS Office Home & Student 2021/Iron Grey/1.70 kg),82KB00RJIH (V15 G2 ITL)"
Acer One 14 AMD Ryzen,"26,490",3.8 out of 5 stars,403,"Acer One 14 AMD Ryzen 3 3250U Processor (8GB RAM/512GB SSD/AMD Radeon Graphics/Windows 11 Home) Thin and Light Laptop Z2-493 with 35.56 cm (14.0"") HD Display"
HP Laptop 15 AMD Ryzen,"39,600",3.5 out of 5 stars,15,"HP Laptop 15, AMD Ryzen 5 7520U, 15.6-inch (39.6 cm), FHD, 8GB LPDDR5, 512GB SSD, Thin & light, AMD Radeon graphics, Backlit KB, Dual speakers (Win 11, MSO 2021, Silver, 1.59 kg), fc0028AU"
HP Laptop 15 13th Gen,"53,900",4.1 out of 5 stars,181,"HP Laptop 15, 13th Gen Intel Core i5-1335U, 15.6-inch (39.6 cm), FHD, 8GB DDR4, 512GB SSD, Intel Iris Xe graphics, FHD camera w/privacy shutter (Win 11, MSO 2021, Silver, 1.59 kg), fd0011TU"
HP Pavilion Plus 14 AI-enhanced,"83,990",4.0 out of 5 stars,6,"HP Pavilion Plus 14 AI-enhanced Laptop, Intel EVO Core Ultra 5 125H,14-inch (35.6 cm) 16GB, 512GB SSD, Intel Arc Graphics, WQXGA, 300 nits, 120Hz, 5MP IR Camera, (Win 11, MSO, Blue, 1.44 kg), ew1082TU"
HP Laptop 15 Intel® Core™,"55,990",4.0 out of 5 stars,24,"HP Laptop 15, Intel® Core™ i5-1334U,15.6-inch(39.6 cm),FHD,16GB DDR4,512GB SSD,Dual Speakers,(Windows 11, MSO,Natural Silver, 1.59 kg),15-fd0316TU"
Infinix Y1 Plus Neo Intel,"24,790",4.7 out of 5 stars,3,"Infinix Y1 Plus Neo Intel Celeron Quad Core 11th Gen - (8 GB/512 GB SSD/Windows 11 Home) XL30 Thin and Light Laptop (15.6 Inch, Grey, 1.76 Kg)"
Acer [Smartchoice] Aspire Lite AMD,"43,990",3.9 out of 5 stars,515,"Acer [Smartchoice] Aspire Lite AMD Ryzen 7 5700U Premium Thin and Light Laptop (Windows 11 Home/16 GB RAM/512 GB SSD/MSO) AL15-41 with 39.62 cm (15.6"") Full HD Display, Metal Body, Steel Gray, 1.6 KG"
MSI Thin 15 Intel Core,"61,990",3.7 out of 5 stars,14,"MSI Thin 15, Intel Core i7-12650H, 40CM FHD 144Hz Gaming Laptop(16GB/512GB NVMe SSD/Windows 11 Home/NVIDIA GeForce RTX 2050,GDDR6 4GB/Cosmos Gray/1.86Kg), B12UCX-1694IN"
HP Laptop 14 Intel® Core™,"37,590",4.1 out of 5 stars,"1,151","HP Laptop 14, Intel® Core™ i3-1215U, 14-inch(35.6 cm), FHD,8GB DDR4,512GB SSD,MSO,Dual Speakers,Win 11,Silver, 1.46 kg,14s-dq5138TU"
ASUS TUF F17 Gaming Laptop,"48,990",4.0 out of 5 stars,279,"ASUS TUF F17 Gaming Laptop, Intel Core i5-11400H 11th Gen, 17.3-inch (43.94 cm) 144Hz, (8GB RAM/512GB SSD/4GB NVIDIA GeForce RTX 2050/Windows 11/ RGB Backlit KB/Black/2.30 kg), ‎FX706HF-HX018W"
Lenovo IdeaPad Slim 3 Intel,"56,990",4.0 out of 5 stars,26,"Lenovo IdeaPad Slim 3 Intel Core i7 12th Gen 15.6inch (39.62cm) FHD Thin & Light Laptop (8GB/512GB SSD/Windows 11/Office 2021/1Yr ADP Free/3months Game Pass/Grey/1.63Kg), 82RK011GIN"
Acer One 14 AMD Ryzen,"26,490",3.8 out of 5 stars,403,"Acer One 14 AMD Ryzen 3 3250U Processor (8GB RAM/512GB SSD/AMD Radeon Graphics/Windows 11 Home) Thin and Light Laptop Z2-493 with 35.56 cm (14.0"") HD Display"
ASUS Vivobook Go 15 (2023),"42,239",3.9 out of 5 stars,96,"ASUS Vivobook Go 15 (2023), AMD Ryzen 5 7520U, 15.6"" (39.62 cm) FHD, Thin and Light Laptop (16GB/512GB SSD/Integrated Graphics/Windows 11/Office 2021/Silver/1.8 Kg), E1504FA-NJ541WS"
Acer ALG 12th Gen Intel,"51,500",4.0 out of 5 stars,962,"Acer ALG 12th Gen Intel Core i5 Gaming Laptop (8GB RAM/512GB SSD/4GB RTX 2050 Graphics/60Hz/Win11Home/Wifi 6) AL15G-52, 39.62cm (15.6 inch) FHD Display, Premium Metal Body, Steel Gray, 1.99KG"
Lenovo IdeaPad Slim 3 12th,"53,400",4.0 out of 5 stars,291,"Lenovo IdeaPad Slim 3 12th Gen Intel Core i5-12450H 15.6"" (39.6cm) FHD IPS Thin & Light Laptop (16GB/512GB SSD/Win 11/Office 21/Backlit KB/Alexa Built-in/3 Mon Game Pass/Arctic Grey/1.6Kg), 83ER008GIN"
Dell 14 Thin & Light,"38,090",3.9 out of 5 stars,318,"Dell 14 Thin & Light Laptop, AMD Ryzen R5-5500U/ 8GB DDR4 2400 MHz/ 512GB/ 14.0"" (35.56cm) FHD Display + Comfort View/Windows 11 + MSO'21/15 Month McAfee/Spill-Resistant Keyboard/Carbon Black/ 1.48kg"
MSI Thin 15 Intel 13th,"63,990",4.0 out of 5 stars,1,"MSI Thin 15, Intel 13th Gen. Core i5-13420H, 40CM FHD 144Hz Gaming Laptop(16GB/512GB NVMe SSD/Windows 11 Home/NVIDIA GeForce RTX 3050,GDDR6 4GB/Cosmos Gray/1.86Kg), B13UC-1805IN"
Lenovo Yoga Slim 7 Intel,"1,05,799",4.6 out of 5 stars,10,"Lenovo Yoga Slim 7 Intel Core Ultra 7 155H Built-in AI 14""(35.5cm) WUXGA-OLED 400Nits Laptop (32GB/1TB SSD/100% DCI-P3/FHD+IR Camera/Win11/MSO 21/1Yr ADP Free/3Mon. Game Pass/Grey/1.39Kg), 83CV002DIN"
Lenovo ThinkBook 16 Intel 13th,"57,490",3.3 out of 5 stars,6,"Lenovo ThinkBook 16 Intel 13th Gen Core i5 16"" (40.64cm) WUXGA 300 Nits Antiglare Thin and Light Laptop (16GB/512GB SSD/Win 11 Home/Office 2021/Backlit Keyboard/Arctic Grey/1.7 Kg), 21KHA0J6IN"
ASUS Vivobook 16 Intel Core,"56,970",4.1 out of 5 stars,244,"ASUS Vivobook 16, Intel Core i5-12500H 12th Gen, 16"" (40.64 cm) FHD+, Thin and Light Laptop (16GB/512GB/Win11/Office 2021/Silver/1.8 kg), X1605ZAC-MB540WS"
Acer Aspire Lite AMD Ryzen,"38,849",3.9 out of 5 stars,515,"Acer Aspire Lite AMD Ryzen 5 5500U Premium Thin and Light Laptop (16 GB RAM/1 TB SSD/Windows 11 Home) AL15-41, 39.62 cm (15.6"") Full HD Display, Metal Body, Steel Gray, 1.59 KG"
Dell [Smartchoice] 14 Thin &,"48,390",3.7 out of 5 stars,263,"Dell [Smartchoice] 14 Thin & Light Laptop, Intel 12th Gen Core i5-1235U/8GB/512GB SSD/14.0"" (35.56cm) FHD/Intel UHD Graphics/Spill-Resistant Keyboard/Windows 11 + MSO'21/Black/15 Month McAfee, 1.48kg"
Lenovo Legion 5 AMD Ryzen,"85,790",4.5 out of 5 stars,209,"Lenovo Legion 5 AMD Ryzen 7 5800H 15.6"" (39.62cm) WQHD IPS Gaming Laptop (16GB/1TB SSD/6GB NVIDIA RTX 3060/165Hz/Windows 11/Office 2021/RGB Backlit/3months Game Pass/Phantom Blue/2.4Kg), 82JU00SYIN"
HP Victus Gaming Laptop AMD,"52,450",3.9 out of 5 stars,29,"HP Victus Gaming Laptop, AMD Ryzen 5 5600H, 4GB AMD Radeon RX 6500M Graphics, 15.6-inch (39.6 cm), FHD, IPS, 16GB DDR4, 512GB SSD, Backlit KB, B&O, Dual Speakers (Win 11 Pro, Blue, 2.48 kg), fb0150AX"
Acer Aspire 5 Gaming Laptop,"67,990",4.5 out of 5 stars,2,"Acer Aspire 5 Gaming Laptop Intel Core i7 13th Gen (8 GB/512 GB SSD/Windows 11 Home/4 GB Graphics/NVIDIA GeForce RTX 2050) A514-56GM,14"" WUXGA Display, 1.56 KG"
ASUS Vivobook Go 15 (2023),"33,720",4.0 out of 5 stars,46,"ASUS Vivobook Go 15 (2023), Intel Core i3-N305, 15.6"" (39.62 cms) FHD, Thin and Light Laptop (8GB/512GB SSD/Integrated Graphics/Windows 11/Office 2021/Backlit KB/Silver/1.63 kg), E1504GA-NJ321WS"
Lenovo IdeaPad Slim 5 13th,"81,690",,M.R.P: ,"Lenovo IdeaPad Slim 5 13th Gen Intel Core i7 13700H 16"" (40.6cm) WUXGA-IPS 300Nits Thin & Light Laptop (16GB/1TB SSD/Win 11/MSO 21/FHD+IR Camera/Alexa/1Yr ADP Free/Cloud Grey/1.9Kg), 82XF007FIN"
Lenovo IdeaPad Slim 5 Intel,"79,990",4.2 out of 5 stars,9,"Lenovo IdeaPad Slim 5 Intel Core Ultra 5 125H Built-in AI 16"" (40.6cm) WUXGA-IPS 300Nit Thin & Light Laptop (16GB/1TB SSD/Win 11/MSO 21/FHD+IR Cam/1Yr ADP Free/3 mon Game Pass/Grey/1.9Kg), 83DC0042IN"
ASUS Vivobook Go 14 (2023),"36,990",3.8 out of 5 stars,21,"ASUS Vivobook Go 14 (2023), AMD Ryzen 5 7520U, 14-inch (35.56 cm) FHD, Thin & Light Laptop (8GB/512GB SSD/Windows 11/Office 2021/Alexa Built-in/Mixed Black/1.38 kg), E1404FA-NK522WS"
HP Laptop 15 AMD Ryzen,"43,999",3.5 out of 5 stars,25,"HP Laptop 15, AMD Ryzen 5 7520U, 15.6-inch (39.6 cm), FHD, 16GB LPDDR5, 512GB SSD, AMD Radeon graphics, FHD camera w/privacy shutter, Backlit KB (Win 11, MSO 2021, Silver, 1.59 kg), fc0030AU"
HP Victus Windows 11 Home,"57,980",3.9 out of 5 stars,93,"HP Victus Windows 11 Home Gaming Laptop,12Th Gen Intel Core I5-12450H,4Gb Rtx 2050 Gpu,15.6-Inch (39.6 Cm), Fhd,IPS,8Gb Ddr4, 512Gb Ssd, Backlit Kb,Dual Speakers(Mso, Blue,2.37 Kg),Fa1132Tx/Fa1312Tx"
HONOR MagicBook X16 Pro 2024,"58,990",4.2 out of 5 stars,462,"HONOR MagicBook X16 Pro 2024, 13th Gen Intel Core i5-13420H (16GB/512GB NVMe SSD, 16-inch (40.64 cm) FHD IPS Anti-Glare Thin and Light Laptop/Windows 11/Backlit Keyboard/Fingerprint/1.75Kg), Gray"
MSI Ryzen 5 Hexa Core,"34,490",1.0 out of 5 stars,2,"MSI Ryzen 5 Hexa Core 7530U - (8 GB/512 GB SSD/Windows 11 Home) Modern 14 C7M-063IN Thin and Light Laptop (14 Inch, Urban Silver, 1.4 Kg)"
HP Pavilion Laptop 13th Gen,"65,990",3.7 out of 5 stars,136,HP Pavilion Laptop 13th Gen Intel Core i5-1340P 15.6 inch(39.6cm) FHD IPS Laptop(16GB RAM /512GB SSD/Intel Iris Xe Graphics/Win 11/MSO 2021/Backlit Keyboard/FPR/B&O/Alexa/Natural Silver) 15-eg3079TU
HP Laptop 15s 12th Gen,"34,990",3.6 out of 5 stars,45,"HP Laptop 15s, 12th Gen Intel Core i3-1215U, 15.6-inch (39.6 cm), FHD, 8GB DDR4, 256GB SSD, Intel UHD Graphics, 720p HD Camera, Thin & Light, Dual Speakers (Win 11, Silver, 1.69 kg), fy5010TU"
HP Laptop 1513th Gen Intel®,"40,970",4.0 out of 5 stars,24,"HP Laptop 15,13th Gen Intel® Core™ i3-1315U,15.6inch(39.6 cm),FHD,Anti-Glare,8GB DDR4,512GB SSD,Dual Speakers,Windows 11,MSO 2021,Natural Silver,1.59 kg,15-fd0186TU"
HP 15s 12th Gen Intel,"45,990",3.9 out of 5 stars,137,"HP 15s 12th Gen Intel Core i5 1235U, 15.6-inch(39.6 cm) FHD, Anti-Glare Laptop (8GB/512 GB/Intel Iris Xᵉ Graphics/Win 11/Dual Speakers/Backlit KB/ 1.69kg/Natural Silver, 15s-fr5010TU"
ZEBRONICS PRO Series Z NBC,"29,990",3.4 out of 5 stars,117,"ZEBRONICS PRO Series Z NBC 4S, Intel Core 12th Gen i5 Processor 8GB RAM & 512GB SSD Laptop, 15.6 Inch (39.6CM), IPS 180° Display, Dolby Atmos, 38.5Wh Large Battery, Windows 11, Midnight Blue, 1.76 Kg"
HP Victus Gaming Laptop AMD,"57,990",4.3 out of 5 stars,50,"HP Victus Gaming Laptop, AMD Ryzen 5 5600H, 4GB RTX 3050 GPU, 15.6-inch (39.6 cm) FHD IPS 144Hz, 8GB DDR4, 512GB SSD, Backlit KB, 9ms Response time (Win 11, MSO, Silver, 2.37 kg), fb0050AX"
Lenovo IdeaPad Slim 3 Intel,"50,490",3.9 out of 5 stars,443,"Lenovo IdeaPad Slim 3 Intel Core i5-12450H 14"" (35.56cm) FHD IPS 300 Nits Thin & Light Laptop (16GB/512GB SSD/Win 11/Office 2021/Alexa built-in/3 month Game Pass/Arctic Grey/1.37Kg), 83EQ0044IN"
Lenovo IdeaPad 1 AMD Ryzen,"29,790",4.0 out of 5 stars,589,"Lenovo IdeaPad 1 AMD Ryzen 3 7320U 15.6"" HD Thin and Light Laptop (8 GB/512GB SDD/Windows 11 Home/Office 2021/1Yr ADP Free/Cloud Grey/1.58Kg), 82VG00EVIN"
HP Laptop 15s Intel Pentium,"28,990",3.2 out of 5 stars,43,"HP Laptop 15s, Intel Pentium Silver N6000, 15.6-inch (39.6 cm), HD, 8GB DDR4, 512GB SSD, Intel UHD Graphics, Thin & Light, Dual Speakers (Win 11, MSO 2021, Silver, 1.65 kg), fq3073TU"
HP Laptop 15 12th Gen,"37,498",3.9 out of 5 stars,224,"HP Laptop 15, 12th Gen Intel® Core™ i3-1215U,15.6-inch(39.6 cm),FHD,Anti-Glare,MSO,8GB DDR4 (3200MHz),512GB SSD,Dual speakers,Windows 11,Natural Silver,1.69kg, 15s-fq5007TU"
ZEBRONICS PRO Series Z NBC,"41,990",3.7 out of 5 stars,87,"ZEBRONICS PRO Series Z NBC 5S, Intel Core 12th Gen i7 Processor 16GB RAM & 1TB SSD Laptop, 15.6 Inch (39.6CM), IPS 180° Display, Dolby Atmos, 38.5Wh Large Battery, Windows 11, Midnight Blue, 1.76 Kg"
HP Laptop 15s 12th Gen,"50,790",3.7 out of 5 stars,140,"HP Laptop 15s, 12th Gen Intel Core i5-1235U, 15.6-inch (39.6 cm), FHD, 16GB DDR4, 512GB SSD, Intel Iris Xe Graphics, Backlit KB,MSO,Thin & Light, Dual Speakers (Win 11, Silver, 1.69 kg), fq5330TU"
Samsung Galaxy Book2 Pro Intel,"72,990",3.9 out of 5 stars,51,"Samsung Galaxy Book2 Pro Intel 12th Gen i5 EvoTM 33.78cm (13.3"") AMOLED Thin & Light Laptop (16 GB/512 GB SSD/Windows 11/MS Office/Backlit KB/Fingerprint Sensor/Silver/0.87Kg), NP930XED-KB3IN"
(Refurbished) Lenovo ThinkPad 8th Gen,"27,499",4.5 out of 5 stars,4,"(Refurbished) Lenovo ThinkPad 8th Gen Intel Core i7 Thin & Light Laptop (16 GB DDR4 RAM/512 GB SSD/14"" (35.6 cm) HD/Windows 11/WiFi/Bluetooth 4.1/Webcam/Integrated Graphics)"
Acer Nitro V Gaming Laptop,"76,590",4.0 out of 5 stars,483,"Acer Nitro V Gaming Laptop 13th Gen Intel Core i5-13420H with RTX 3050 Graphics 6 GB VRAM, 144Hz Display (16 GB DDR5/ 1 TB SSD/Windows 11 Home/Wi-Fi 6),15.6""(39.6cms) FHD ANV15-51"
Dell 14 Thin & Light,"47,990",3.6 out of 5 stars,748,"Dell 14 Thin & Light Laptop, Intel Core i5-1235U Processor, 8GB + 512GB SSD, 14.0"" (35.62cm) FHD AG 250 nits Display, Windows 11 + MSO'21 & 15 Month McAfee, Grey, Spill-Resistant Keyboard, 1.48kg"
(Refurbished) Dell Latitude 5270 6th,"15,499",3.8 out of 5 stars,19,"(Refurbished) Dell Latitude 5270 6th Gen Intel Core i5 Thin & Light HD Laptop (8 GB DDR4 RAM/256 GB SSD/12.3"" (31.8 cm) HD/Windows 11/MS Office/WiFi/BT/Intel UHD Graphics)"
ASUS Vivobook 15 Intel Core,"45,990",3.9 out of 5 stars,366,"ASUS Vivobook 15, Intel Core i5-12500H 12th Gen, Thin and Light Laptop, 15.6"" (39.62 cm) FHD, (8 GB RAM/512GB SSD/Windows11/Office 2021/Backlit/42WHr/Silver/1.70 kg), X1502ZA-EJ524WS"
Lenovo IdeaPad Slim 1 AMD,"29,790",3.7 out of 5 stars,141,"Lenovo IdeaPad Slim 1 AMD Ryzen 3 7320U 15.6"" HD Thin and Light Laptop (8GB/512GB SSD/Windows 11 Home/MS Office 2021/Cloud Grey/1.58Kg), 82VG00JJIN"
Dell 15 Thin & Light,"40,290",3.9 out of 5 stars,318,"Dell 15 Thin & Light Laptop, AMD Ryzen 5-5500U Processor/ 8GB/ 512GB SSD/ 15.6"" (39.62cm) FHD Display/AMD Radeon Graphics/Win 11 + MSO'21/15 Month McAfee/Black/1.83kg"
HP Laptop 15 13th Gen,"51,990",4.0 out of 5 stars,850,"HP Laptop 15, 13th Gen Intel Core i5-1335U, 15.6-inch (39.6 cm), FHD, 8GB DDR4, 512GB SSD, Intel Iris Xe Graphics, 1080p FHD Camera w/Privacy Shutter, Backlit KB, (Win 11, White, 1.6 kg), fd0022TU"
ASUS Vivobook 14X OLED Intel,"69,990",3.8 out of 5 stars,4,"ASUS Vivobook 14X OLED, Intel Core i5-13500H 13th Gen, 14"" (35.56 cm) 2.8K 90Hz OLED, Creator/Gaming Laptop (16 GB RAM/512 SSD/4GB GeForce RTX 3050/Win11//Backlit//Silver/1.45 kg),K3405VCB-KM541WS"
ASUS TUF F15 Gaming Laptop,"55,990",4.2 out of 5 stars,118,"ASUS TUF F15 Gaming Laptop, Intel Core i5-11400H 11th Gen, 15.6""(39.62 cms) FHD 144Hz, RTX 3050 4GB Graphics, (8GB RAM /512GB SSD/90WHrs Battery/Windows 11/Office 2021/Black/2.3 kg) FX506HC-HN089WS"
Lenovo ThinkPad E14 Intel Core,"71,990",3.9 out of 5 stars,7,"Lenovo ThinkPad E14 Intel Core i5 13th Gen 14"" WUXGA IPS 300 Nits Thin and Light Laptop (16GB RAM/512GB SSD/Windows 11 Home/Office 2021/Backlit Keyboard/FPR/Black/1.41 kg), 21JKS0UA00"
Acer One 14 Business Laptop,"25,990",3.8 out of 5 stars,403,"Acer One 14 Business Laptop AMD Ryzen 3 3250U Processor (8GB RAM/256GB SSD/AMD Radeon Graphics/Windows 11 Home) Z2-493 with 35.56 cm (14.0"") HD Display"
ASUS Vivobook 16 (2023) Intel,"54,990",4.4 out of 5 stars,5,"ASUS Vivobook 16 (2023), Intel Core i5-1335U 13th Gen, 16"" (40.64 cms) FHD+, Thin and Light Laptop (16GB/512GB SSD/Intel Iris Xᵉ/Win 11/Office 2021/Backlit KB/Silver/1.88 kg), X1605VAB-MB544WS"
MSI Modern 14 Intel 11th,"40,990",3.6 out of 5 stars,7,"MSI Modern 14, Intel 11th Gen. i5-1155G7, 35CM FHD 60Hz Laptop (16GB/512GB NVMe SSD/Windows 11 Home/Iris Xe Graphics/Classic Black/1.4Kg), C11M-029IN"
Acer [Smartchoice] Aspire Lite AMD,"43,990",3.9 out of 5 stars,515,"Acer [Smartchoice] Aspire Lite AMD Ryzen 7 5700U Premium Thin and Light Laptop (Windows 11 Home/16 GB RAM/512 GB SSD/MSO) AL15-41 with 39.62 cm (15.6"") Full HD Display, Metal Body, Steel Gray, 1.6 KG"
Lenovo IdeaPad Slim 5 Ryzen,"65,190",,50+ bought in past month,"Lenovo IdeaPad Slim 5 Ryzen 7 7730U 14"" (35.5cm) WUXGA OLED Laptop (16GB/1TB SSD/Win 11/Office 2021/Backlit KB/FHD Camera/Alexa/3 Month Game Pass/1Yr ADP Free/Arctic Grey/1.46Kg), 82XE007EIN"
HP Laptop 15 13th Gen,"51,190",3.6 out of 5 stars,7,"HP Laptop 15, 13th Gen Intel Core i5-1335U, 15.6-inch (39.6 cm), FHD, 8GB DDR4, 512GB SSD, Intel Iris Xe graphics, 1080p FHD camera w/privacy shutter, Backlit KB, (Win 11, Blue, 1.6 kg), fd0021TU"
Lenovo Yoga Slim 7 Intel,"1,05,799",4.6 out of 5 stars,10,"Lenovo Yoga Slim 7 Intel Core Ultra 7 155H Built-in AI 14""(35.5cm) WUXGA-OLED 400Nits Laptop (32GB/1TB SSD/100% DCI-P3/FHD+IR Camera/Win11/MSO 21/1Yr ADP Free/3Mon. Game Pass/Grey/1.39Kg), 83CV002DIN"
Dell Inspiron 5430 Laptop 13th,"71,890",3.6 out of 5 stars,125,"Dell Inspiron 5430 Laptop, 13th Gen Intel Core i5-1335U Processor/16GB/1TB SSD/14.0"" (35.56CM) FHD+ WVA 250 nits/Backlit KB + FPR/Win 11+MSO'21/15 Month McAfee/Platinum Silver/Thin & Light- 1.59KG"
Apple 2022 MacBook Air Laptop,"91,090",4.5 out of 5 stars,79,"Apple 2022 MacBook Air Laptop with M2 chip: 34.46 cm (13.6-inch) Liquid Retina Display, 8GB RAM, 256GB SSD Storage, Backlit Keyboard, 1080p FaceTime HD Camera. Works with iPhone/iPad; Silver"
ASUS Vivobook 16 Intel Core,"56,970",4.1 out of 5 stars,244,"ASUS Vivobook 16, Intel Core i5-12500H 12th Gen, 16"" (40.64 cm) FHD+, Thin and Light Laptop (16GB/512GB/Win11/Office 2021/Silver/1.8 kg), X1605ZAC-MB540WS"
Acer Aspire Lite 12th Gen,"41,990",3.8 out of 5 stars,465,"Acer Aspire Lite 12th Gen Intel Core i5-1235U Thin and Light Metal Laptop (Windows 11 Home/8GB RAM/512GB SSD/Intel Iris Xe Graphics/MSO) AL15-52, 39.62cm (15.6"") Full HD Display, Steel Gray, 1.59 KG"
HP Laptop 15s 12th Gen,"36,990",3.6 out of 5 stars,45,"HP Laptop 15s, 12th Gen Intel Core i3-1215U, 15.6-inch (39.6 cm), FHD, 8GB DDR4, 512GB SSD, Intel UHD Graphics, 720p HD Camera, Thin & Light, Dual Speakers (Win 11, Silver, 1.69 kg), fy5011TU"
ASUS TUF Gaming F15 -,"50,990",3.7 out of 5 stars,66,"ASUS TUF Gaming F15 - Gaming Laptop, Intel Core i5-11260H 11th Gen, 15.6-inch (39.62 cm) FHD 144Hz, (8GB/512GB SSD/4GB NVIDIA RTX 2050/Win 11/ RGB Backlit/Black/2.30 kg),FX506HF-HN075W"
Lenovo IdeaPad Slim 3 13th,"58,390",3.1 out of 5 stars,17,"Lenovo IdeaPad Slim 3 13th Gen Intel Core i5-13420H 15.6"" (39.6cm) FHD 300 Nits Thin & Light Laptop (16GB/512GB SSD/Win 11/Office 21/1Yr ADP Free/Alexa/3 Month Game Pass/Grey/1.62Kg), 83EM0026IN"
Lenovo IdeaPad Slim 3 12th,"51,990",3.9 out of 5 stars,443,"Lenovo IdeaPad Slim 3 12th Gen Intel Core i5-12450H 15.6"" (39.6cm) FHD IPS Thin & Light Laptop (16GB/512GB SSD/Win 11/Office 21/Backlit KB/1 Yr ADP Free/3 Mon. Game Pass/Grey/1.6Kg), 83ER008DIN"
Acer Aspire 7 Intel Core,"55,490",5.0 out of 5 stars,1,"Acer Aspire 7 Intel Core i5 12th Gen 12450H - (16 GB/512 GB SSD/Windows 11 Home/4 GB Graphics/NVIDIA GeForce RTX 2050) A715-76G Gaming Laptop (15.6 Inch, Charcoal Black, 2.1 Kg)"
ZEBRONICS PRO Series Z NBC,"31,990",3.4 out of 5 stars,117,"ZEBRONICS PRO Series Z NBC 4S, Intel Core 12th Gen i5 Processor 16GB RAM & 512GB SSD Laptop, 15.6 Inch (39.6CM), IPS 180° Display, Dolby Atmos, 38.5Wh Large Battery, Windows 11, Blue, 1.76 Kg"
HP 255 G8 Laptop with,"22,650",3.5 out of 5 stars,41,"HP 255 G8 Laptop with AMD Athlon Silver 3050U APU/ 8GB Ram/ 256GB SSD/DOS/AMD Radeon Vega 8 Mobile Graphics/39.6 cm HD (1366 x 768), SVA, Anti-Glare WLED/Black/1 Year Onsite Warranty"
Acer Aspire Lite AMD Ryzen,"38,849",3.9 out of 5 stars,515,"Acer Aspire Lite AMD Ryzen 5 5500U Premium Thin and Light Laptop (16 GB RAM/1 TB SSD/Windows 11 Home) AL15-41, 39.62 cm (15.6"") Full HD Display, Metal Body, Steel Gray, 1.59 KG"
Lenovo IdeaPad 1 AMD Ryzen,"39,490",4.0 out of 5 stars,65,"Lenovo IdeaPad 1 AMD Ryzen 5 7520U 15.6"" HD Thin and Light Laptop (8GB/512GB SSD/Windows 11 Home/MS Office 2021/Cloud Grey/1.58Kg), 82VG00J5IN"
ASUS Vivobook Go 14 (2023),"33,990",4.1 out of 5 stars,36,"ASUS Vivobook Go 14 (2023), AMD Ryzen 3 7320U, 14-inch (35.56 cm) FHD, Thin & Light Laptop (8GB/1TB SSD/Windows 11/Cool Silver/1.38 kg), E1404FA-NK331W"
(Refurbished) Lenovo ThinkPad 7th Gen,"20,799",4.7 out of 5 stars,7,"(Refurbished) Lenovo ThinkPad 7th Gen Intel Core i5 Thin & Light HD Laptop (16 GB DDR4 RAM/512 GB SSD/14"" (35.6 cm) HD/Windows 11/MS Office/WiFi/Webcam/Intel Graphics)"
HP Laptop 14 Intel Core,"61,999",,M.R.P: ,"HP Laptop 14, Intel Core i5-1335U, 14-inch(35.6 cm),FHD,Anti-glare,16GB DDR4,512GB SSD,Intel Iris X graphics, Imagepad,Dual speakers, Windows 11,MSO,Silver,1.4 kg, 14-gr0001TU"
Lenovo IdeaPad Slim 3 13th,"63,990",4.0 out of 5 stars,469,"Lenovo IdeaPad Slim 3 13th Gen Intel Core i7-13620H 15"" (38.1cm) FHD IPS 300 Nits Thin & Light Laptop (16GB/512GB SSD/Win 11/MSO 21/1Yr ADP Free/Alexa Built-in/3 mon Game Pass/Grey/1.6Kg), 83EM008GIN"
MSI Thin 15 Intel Core,"61,990",3.7 out of 5 stars,14,"MSI Thin 15, Intel Core i7-12650H, 40CM FHD 144Hz Gaming Laptop(16GB/512GB NVMe SSD/Windows 11 Home/NVIDIA GeForce RTX 2050,GDDR6 4GB/Cosmos Gray/1.86Kg), B12UCX-1694IN"
HP Laptop 15s Intel Pentium,"28,990",3.2 out of 5 stars,43,"HP Laptop 15s, Intel Pentium Silver N6000, 15.6-inch (39.6 cm), HD, 8GB DDR4, 512GB SSD, Intel UHD Graphics, Thin & Light, Dual Speakers (Win 11, MSO 2021, Silver, 1.65 kg), fq3073TU"
HP Pavilion 14 12th Gen,"63,490",4.2 out of 5 stars,69,"HP Pavilion 14, 12th Gen Intel Core i5-1235U,14-inch (35.6 cm),FHD,Touchscreen,16GB DDR4, 512GB SSD, Intel Iris Xᵉ Graphics, FPR, Backlit KB, Audio by B&O (Win 11, MSO 2021, Silver, 1.41 kg),dv2041TU"
Lenovo IdeaPad Slim 5 13th,"69,490",3.9 out of 5 stars,23,"Lenovo IdeaPad Slim 5 13th Gen Intel Core i5 13420H 14"" (35.5cm) WUXGA OLED 400Nits Laptop (16GB/512GB SSD/Win 11/MSO/Backlit KB/FHD + IR Camera/3 Month Game Pass/1Yr ADP Free/Grey/1.46Kg), 82XD005RIN"
Acer Swift Go OLED Display,"65,490",4.1 out of 5 stars,33,"Acer Swift Go OLED Display Thin and Light Premium Laptop Intel Core i5 13th Gen (16GB/ 512 GB SSD/Windows 11 Home/MS Office Home and Student) Sunshiny Gold, SFG14-71, 35.56 cm (14.0 Inch)"
ASUS Vivobook S15 OLED 2022,"72,990",3.8 out of 5 stars,15,"ASUS Vivobook S15 OLED 2022, 15.6"" 39.62 cm FHD OLED, Intel Core EVO i7-12700H 12th Gen, Thin and Light Laptop (16GB/512GB SSD/Iris Xe Graphics/Windows 11/Office 2021/Grey/1.8 kg), S3502ZA-L701WS"
ASUS Vivobook S15 OLED (2022),"63,990",4.0 out of 5 stars,369,"ASUS Vivobook S15 OLED (2022) 15.6"" (39.62 cms) FHD OLED, Intel Core Evo i5-12500H 12th Gen, Thin and Light Laptop (16GB/512GB SSD/Iris Xe Graphics/Windows 11/Office 2021/Green/1.8 kg) K3502ZA-L503WS"
HP Laptop 15s 11th Gen,"54,490",4.3 out of 5 stars,685,"HP Laptop 15s, 11th Gen Intel Core i5-1155G7, 15.6-inch (39.6 cm), FHD, 8GB DDR4, 512GB SSD, Intel Iris Xe graphics, Backlit KB, Thin & light (Win 11, MSO 2019, Silver, 1.69 kg), fq4021TU"
HP Pavilion 14 12th Gen,"56,990",3.9 out of 5 stars,137,"HP Pavilion 14 12th Gen Intel Core i5 8GB RAM/512GB SSD 14 inch(35.6cm) IPS Micro-Edge FHD Laptop/Intel Iris Xe Graphics/B&O/Win 11/Backlit KB/MSO 2021/Natural Silver, 14-dv2053TU"
HP Pavilion 15 - Intel®,"66,990",,M.R.P: ,"HP Pavilion 15 - Intel® Core™ i5-1340P / 39.6 cm (15.6"")/ FHD (1920 x 1080)/ MSO, Micro-Edge, Anti-Glare/ 16 GB / 512 GB/Intel® Iris® Xᵉ Graphics/Win 11 Home/B&O/Backlit KB, 15-eg3027TU"
HP Laptop 15s 11th Gen,"51,499",4.0 out of 5 stars,717,"HP Laptop 15s, 11th Gen Intel Core i5-1155G7, 15.6-inch (39.6 cm), FHD, 16GB DDR4, 512GB SSD, Intel Iris Xe graphics, Backlit KB, Thin & light (Win 11, MSO 2021, Silver, 1.69 kg), fr4001TU"
ASUS Creator Series Vivobook 16X,"67,990",3.0 out of 5 stars,16,"ASUS Creator Series Vivobook 16X (2023), Intel Core i5-12450H 12th Gen, 16"" (40.64 cm) FHD+ 120Hz, Creator/Gaming Laptop (16GB/512GB/6GB RTX 4050 /Win11/70WHr /Black/1.8 kg), K3605ZU-MB541WS"
ASUS Vivobook Go 15 (2023),"42,239",3.9 out of 5 stars,96,"ASUS Vivobook Go 15 (2023), AMD Ryzen 5 7520U, 15.6"" (39.62 cm) FHD, Thin and Light Laptop (16GB/512GB SSD/Integrated Graphics/Windows 11/Office 2021/Silver/1.8 Kg), E1504FA-NJ541WS"
Lenovo Yoga Slim 6 13th,"78,990",4.0 out of 5 stars,34,"Lenovo Yoga Slim 6 13th Gen Intel Evo Core i5 13500H 14""(35.5cm) WUXGA OLED 400Nit Laptop (16GB/512GB SSD/Win 11/Office 21/Backlit KB/1Yr Warranty/Alexa/3 Month Game Pass/Storm Grey/1.3Kg), 83E00006IN"
AVITA Laptop PURA S102 15.6,"18,590",4.0 out of 5 stars,13,"AVITA Laptop PURA S102 15.6 INCH CELERON 8GB RAM, 512GB SSD"
(Refurbished) Lenovo Thinkpad Laptop L480,"24,950",4.3 out of 5 stars,89,(Refurbished) Lenovo Thinkpad Laptop L480 Full HD Screen Intel Core i5 :: 8th Generation :: 8350u Processor :: 32 GB Ram :: 512 GB SSD :: 14 Inches Notebook Computer
Dell [Smartchoice] G15 5530 Gaming,"1,00,090",4.0 out of 5 stars,10,"Dell [Smartchoice] G15 5530 Gaming Laptop, Intel i7-13650HX Processor/16GB/1TB SSD/NVIDIA RTX 3050, 6 GB GDDR6/15.6"" (39.62cm) FHD 120Hz 250 nits/Backlit KB RGB/Dark Shadow Grey/Win 11+MSO'21/2.65kg"
(Refurbished) Lenovo ThinkPad 7th Gen,"20,799",4.7 out of 5 stars,7,"(Refurbished) Lenovo ThinkPad 7th Gen Intel Core i5 Thin & Light HD Laptop (16 GB DDR4 RAM/512 GB SSD/14"" (35.6 cm) HD/Windows 11/MS Office/WiFi/Webcam/Intel Graphics)"
HP Laptop 14 Intel Core,"61,999",,M.R.P: ,"HP Laptop 14, Intel Core i5-1335U, 14-inch(35.6 cm),FHD,Anti-glare,16GB DDR4,512GB SSD,Intel Iris X graphics, Imagepad,Dual speakers, Windows 11,MSO,Silver,1.4 kg, 14-gr0001TU"
ASUS Vivobook 16X Intel Core,"64,990",3.6 out of 5 stars,5,"ASUS Vivobook 16X, Intel Core i5-12500H, 16"" FHD+ 60Hz, Creator/Gaming Laptop (16GB RAM/1 TB/RTX 3050/Win 11 Pro/Office 2021/Fingerprint /50WHr Battery/Cool Silver/1.80 kg), K3605ZC-MBN554WS"
ASUS Creator Series Vivobook 16X,"67,990",3.0 out of 5 stars,16,"ASUS Creator Series Vivobook 16X (2023), Intel Core i5-12450H 12th Gen, 16"" (40.64 cm) FHD+ 120Hz, Creator/Gaming Laptop (16GB/512GB/6GB RTX 4050 /Win11/70WHr /Black/1.8 kg), K3605ZU-MB541WS"
ASUS Vivobook Go 15 (2023),"42,239",3.9 out of 5 stars,96,"ASUS Vivobook Go 15 (2023), AMD Ryzen 5 7520U, 15.6"" (39.62 cm) FHD, Thin and Light Laptop (16GB/512GB SSD/Integrated Graphics/Windows 11/Office 2021/Silver/1.8 Kg), E1504FA-NJ541WS"
Wings Nuvobook V1 Aluminium Alloy,"29,490",,M.R.P: ,"Wings Nuvobook V1 Aluminium Alloy Metal Body Core i5 11th Gen 1155G7 - (8 GB/SSD/512 GB SSD/Windows 11 Home) WL-Nuvobook V1-BLU Thin and Light Laptop (15.6 Inch, Blue, 1.60 Kg)"
Lenovo Yoga Slim 6 13th,"78,990",4.0 out of 5 stars,34,"Lenovo Yoga Slim 6 13th Gen Intel Evo Core i5 13500H 14""(35.5cm) WUXGA OLED 400Nit Laptop (16GB/512GB SSD/Win 11/Office 21/Backlit KB/1Yr Warranty/Alexa/3 Month Game Pass/Storm Grey/1.3Kg), 83E00006IN"
AVITA Laptop PURA S102 15.6,"18,590",4.0 out of 5 stars,13,"AVITA Laptop PURA S102 15.6 INCH CELERON 8GB RAM, 512GB SSD"
(Refurbished) Lenovo Thinkpad Laptop L480,"24,950",4.3 out of 5 stars,89,(Refurbished) Lenovo Thinkpad Laptop L480 Full HD Screen Intel Core i5 :: 8th Generation :: 8350u Processor :: 32 GB Ram :: 512 GB SSD :: 14 Inches Notebook Computer
Dell [Smartchoice] G15 5530 Gaming,"1,00,090",4.0 out of 5 stars,10,"Dell [Smartchoice] G15 5530 Gaming Laptop, Intel i7-13650HX Processor/16GB/1TB SSD/NVIDIA RTX 3050, 6 GB GDDR6/15.6"" (39.62cm) FHD 120Hz 250 nits/Backlit KB RGB/Dark Shadow Grey/Win 11+MSO'21/2.65kg"
Acer ALG 12th Gen Intel,"51,500",4.0 out of 5 stars,962,"Acer ALG 12th Gen Intel Core i5 Gaming Laptop (8GB RAM/512GB SSD/4GB RTX 2050 Graphics/60Hz/Win11Home/Wifi 6) AL15G-52, 39.62cm (15.6 inch) FHD Display, Premium Metal Body, Steel Gray, 1.99KG"
HP [Windows 11 Home] 255,"22,600",3.7 out of 5 stars,92,"HP [Windows 11 Home] 255 G8 Notebook, 15.6'' HD Display, AMD Athlon 3020e Processor, 8GB Memory, 256GB SSD, Wi-Fi, Bluetooth, Type-C Port, RJ-45 Port, Black"
HP Laptop 15 12th Generation,"51,490",4.0 out of 5 stars,290,"HP Laptop 15, 12th Generation Intel® Core™ i5-1235U,15.6-inch(39.6 cm),FHD,8GB DDR4 RAM,1TB SSD,Intel Iris Xe Graphics, Backlit Kb,Dual Speakers,Win 11 + MSO'21,Natural Silver,1.69 kg,15s-fq5331TU"
MSI Thin 15 Intel 12th,"87,990",,M.R.P: ,"MSI Thin 15, Intel 12th Gen. Core i7-13620H, 40CM FHD 144Hz Gaming Laptop(16GB/1TB NVMe SSD/Windows 11 Home/NVIDIA GeForce RTX 4050,GDDR 6GB /Cosmos Gray/1.86Kg), B13VE-1800IN"
Apple 2024 MacBook Air 15″,"1,45,490",4.4 out of 5 stars,14,"Apple 2024 MacBook Air 15″ Laptop with M3 chip: 38.91 cm (15.3″) Liquid Retina Display, 8GB Unified Memory, 512GB SSD Storage, Backlit Keyboard, 1080p FaceTime HD Camera, Touch ID- Starlight"
HP Laptop 14 Intel® Core™,"37,590",4.1 out of 5 stars,"1,151","HP Laptop 14, Intel® Core™ i3-1215U, 14-inch(35.6 cm), FHD,8GB DDR4,512GB SSD,MSO,Dual Speakers,Win 11,Silver, 1.46 kg,14s-dq5138TU"
HP Laptop 14 Intel® Core™,"37,590",4.1 out of 5 stars,"1,151","HP Laptop 14, Intel® Core™ i3-1215U, 14-inch(35.6 cm), FHD,8GB DDR4,512GB SSD,MSO,Dual Speakers,Win 11,Silver, 1.46 kg,14s-dq5138TU"
Lenovo IdeaPad Slim 1 Intel,"25,440",3.8 out of 5 stars,185,"Lenovo IdeaPad Slim 1 Intel Celeron N4020 14"" (35.5cm) HD 220nits Thin and Light Laptop (8GB/256GB SDD/Windows 11/Office 2021/1Yr Warranty + ADP/3months Game Pass/Cloud Grey/1.3Kg), 82V6006EIN"
Acer [Smartchoice] Aspire Lite AMD,"43,990",3.9 out of 5 stars,515,"Acer [Smartchoice] Aspire Lite AMD Ryzen 7 5700U Premium Thin and Light Laptop (Windows 11 Home/16 GB RAM/512 GB SSD/MSO) AL15-41 with 39.62 cm (15.6"") Full HD Display, Metal Body, Steel Gray, 1.6 KG"
MSI Thin 15 Intel Core,"61,990",3.7 out of 5 stars,14,"MSI Thin 15, Intel Core i7-12650H, 40CM FHD 144Hz Gaming Laptop(16GB/512GB NVMe SSD/Windows 11 Home/NVIDIA GeForce RTX 2050,GDDR6 4GB/Cosmos Gray/1.86Kg), B12UCX-1694IN"
MSI Thin 15 Intel 13th,"63,990",4.0 out of 5 stars,1,"MSI Thin 15, Intel 13th Gen. Core i5-13420H, 40CM FHD 144Hz Gaming Laptop(16GB/512GB NVMe SSD/Windows 11 Home/NVIDIA GeForce RTX 3050,GDDR6 4GB/Cosmos Gray/1.86Kg), B13UC-1805IN"
Lenovo Yoga Slim 7 Intel,"1,05,799",4.6 out of 5 stars,10,"Lenovo Yoga Slim 7 Intel Core Ultra 7 155H Built-in AI 14""(35.5cm) WUXGA-OLED 400Nits Laptop (32GB/1TB SSD/100% DCI-P3/FHD+IR Camera/Win11/MSO 21/1Yr ADP Free/3Mon. Game Pass/Grey/1.39Kg), 83CV002DIN"
Lenovo IdeaPad Slim 3 13th,"63,990",4.0 out of 5 stars,469,"Lenovo IdeaPad Slim 3 13th Gen Intel Core i7-13620H 15"" (38.1cm) FHD IPS 300 Nits Thin & Light Laptop (16GB/512GB SSD/Win 11/MSO 21/1Yr ADP Free/Alexa Built-in/3 mon Game Pass/Grey/1.6Kg), 83EM008GIN"
Acer [Smartchoice] Aspire Lite AMD,"43,990",3.9 out of 5 stars,515,"Acer [Smartchoice] Aspire Lite AMD Ryzen 7 5700U Premium Thin and Light Laptop (Windows 11 Home/16 GB RAM/512 GB SSD/MSO) AL15-41 with 39.62 cm (15.6"") Full HD Display, Metal Body, Steel Gray, 1.6 KG"
MSI Thin 15 Intel Core,"61,990",3.7 out of 5 stars,14,"MSI Thin 15, Intel Core i7-12650H, 40CM FHD 144Hz Gaming Laptop(16GB/512GB NVMe SSD/Windows 11 Home/NVIDIA GeForce RTX 2050,GDDR6 4GB/Cosmos Gray/1.86Kg), B12UCX-1694IN"
MSI Thin 15 Intel 13th,"63,990",4.0 out of 5 stars,1,"MSI Thin 15, Intel 13th Gen. Core i5-13420H, 40CM FHD 144Hz Gaming Laptop(16GB/512GB NVMe SSD/Windows 11 Home/NVIDIA GeForce RTX 3050,GDDR6 4GB/Cosmos Gray/1.86Kg), B13UC-1805IN"
Lenovo Yoga Slim 7 Intel,"1,05,799",4.6 out of 5 stars,10,"Lenovo Yoga Slim 7 Intel Core Ultra 7 155H Built-in AI 14""(35.5cm) WUXGA-OLED 400Nits Laptop (32GB/1TB SSD/100% DCI-P3/FHD+IR Camera/Win11/MSO 21/1Yr ADP Free/3Mon. Game Pass/Grey/1.39Kg), 83CV002DIN"
Lenovo IdeaPad Slim 3 13th,"63,990",4.0 out of 5 stars,469,"Lenovo IdeaPad Slim 3 13th Gen Intel Core i7-13620H 15"" (38.1cm) FHD IPS 300 Nits Thin & Light Laptop (16GB/512GB SSD/Win 11/MSO 21/1Yr ADP Free/Alexa Built-in/3 mon Game Pass/Grey/1.6Kg), 83EM008GIN"
Lenovo IdeaPad Slim 3 12th,"50,490",4.0 out of 5 stars,291,"Lenovo IdeaPad Slim 3 12th Gen Intel Core i5-12450H 14"" (35.5cm) FHD 250 Nits Thin & Light Laptop (16GB/512GB SSD/Win 11/Office 21/1Yr ADP Free/Alexa built-in/3 mon. Game Pass/Grey/1.37Kg), 83EQ005VIN"
Acer [Smartchoice] Aspire Lite AMD,"43,990",3.9 out of 5 stars,515,"Acer [Smartchoice] Aspire Lite AMD Ryzen 7 5700U Premium Thin and Light Laptop (Windows 11 Home/16 GB RAM/512 GB SSD/MSO) AL15-41 with 39.62 cm (15.6"") Full HD Display, Metal Body, Steel Gray, 1.6 KG"
MSI Thin 15 Intel Core,"61,990",3.7 out of 5 stars,14,"MSI Thin 15, Intel Core i7-12650H, 40CM FHD 144Hz Gaming Laptop(16GB/512GB NVMe SSD/Windows 11 Home/NVIDIA GeForce RTX 2050,GDDR6 4GB/Cosmos Gray/1.86Kg), B12UCX-1694IN"
MSI Thin 15 Intel 13th,"63,990",4.0 out of 5 stars,1,"MSI Thin 15, Intel 13th Gen. Core i5-13420H, 40CM FHD 144Hz Gaming Laptop(16GB/512GB NVMe SSD/Windows 11 Home/NVIDIA GeForce RTX 3050,GDDR6 4GB/Cosmos Gray/1.86Kg), B13UC-1805IN"
Lenovo Yoga Slim 7 Intel,"1,05,799",4.6 out of 5 stars,10,"Lenovo Yoga Slim 7 Intel Core Ultra 7 155H Built-in AI 14""(35.5cm) WUXGA-OLED 400Nits Laptop (32GB/1TB SSD/100% DCI-P3/FHD+IR Camera/Win11/MSO 21/1Yr ADP Free/3Mon. Game Pass/Grey/1.39Kg), 83CV002DIN"
Primebook S Wifi 2024(NEW) Android,"13,490",4.2 out of 5 stars,54,"Primebook S Wifi, 2024(NEW) Android Based MediaTek MT8183 - (PrimeOS) Thin and Light Laptop (11.6 Inch, 1.065 Kg, Type C) (4GB/128GB eMMC Storage)"
Acer [Smartchoice] Aspire Lite AMD,"43,990",3.9 out of 5 stars,515,"Acer [Smartchoice] Aspire Lite AMD Ryzen 7 5700U Premium Thin and Light Laptop (Windows 11 Home/16 GB RAM/512 GB SSD/MSO) AL15-41 with 39.62 cm (15.6"") Full HD Display, Metal Body, Steel Gray, 1.6 KG"
MSI Thin 15 Intel Core,"61,990",3.7 out of 5 stars,14,"MSI Thin 15, Intel Core i7-12650H, 40CM FHD 144Hz Gaming Laptop(16GB/512GB NVMe SSD/Windows 11 Home/NVIDIA GeForce RTX 2050,GDDR6 4GB/Cosmos Gray/1.86Kg), B12UCX-1694IN"
MSI Thin 15 Intel 13th,"63,990",4.0 out of 5 stars,1,"MSI Thin 15, Intel 13th Gen. Core i5-13420H, 40CM FHD 144Hz Gaming Laptop(16GB/512GB NVMe SSD/Windows 11 Home/NVIDIA GeForce RTX 3050,GDDR6 4GB/Cosmos Gray/1.86Kg), B13UC-1805IN"
Lenovo Yoga Slim 7 Intel,"1,05,799",4.6 out of 5 stars,10,"Lenovo Yoga Slim 7 Intel Core Ultra 7 155H Built-in AI 14""(35.5cm) WUXGA-OLED 400Nits Laptop (32GB/1TB SSD/100% DCI-P3/FHD+IR Camera/Win11/MSO 21/1Yr ADP Free/3Mon. Game Pass/Grey/1.39Kg), 83CV002DIN"
Primebook S Wifi 2024(NEW) Android,"13,490",4.2 out of 5 stars,54,"Primebook S Wifi, 2024(NEW) Android Based MediaTek MT8183 - (PrimeOS) Thin and Light Laptop (11.6 Inch, 1.065 Kg, Type C) (4GB/128GB eMMC Storage)"
Acer [Smartchoice] Aspire Lite AMD,"43,990",3.9 out of 5 stars,515,"Acer [Smartchoice] Aspire Lite AMD Ryzen 7 5700U Premium Thin and Light Laptop (Windows 11 Home/16 GB RAM/512 GB SSD/MSO) AL15-41 with 39.62 cm (15.6"") Full HD Display, Metal Body, Steel Gray, 1.6 KG"
Lenovo IdeaPad Slim 3 13th,"58,390",3.1 out of 5 stars,17,"Lenovo IdeaPad Slim 3 13th Gen Intel Core i5-13420H 15.6"" (39.6cm) FHD 300 Nits Thin & Light Laptop (16GB/512GB SSD/Win 11/Office 21/1Yr ADP Free/Alexa/3 Month Game Pass/Grey/1.62Kg), 83EM0026IN"
MSI Thin 15 Intel Core,"61,990",3.7 out of 5 stars,14,"MSI Thin 15, Intel Core i7-12650H, 40CM FHD 144Hz Gaming Laptop(16GB/512GB NVMe SSD/Windows 11 Home/NVIDIA GeForce RTX 2050,GDDR6 4GB/Cosmos Gray/1.86Kg), B12UCX-1694IN"
MSI Thin 15 Intel 13th,"63,990",4.0 out of 5 stars,1,"MSI Thin 15, Intel 13th Gen. Core i5-13420H, 40CM FHD 144Hz Gaming Laptop(16GB/512GB NVMe SSD/Windows 11 Home/NVIDIA GeForce RTX 3050,GDDR6 4GB/Cosmos Gray/1.86Kg), B13UC-1805IN"
